iter	F1	Logloss	Precision:use_weights=true	Precision:use_weights=false	Recall:use_weights=true	Recall:use_weights=false
0	0.7633469077	0.653686514	0.6279614122	0.1445374801	0.9731543624	0.9731543624
1	0.7596365346	0.6400831162	0.6224063986	0.1416309013	0.9744966443	0.9744966443
2	0.7603931332	0.6116519775	0.6234229008	0.1421578226	0.9744966443	0.9744966443
3	0.7585931728	0.5983244857	0.6246026013	0.1427721004	0.9657718121	0.9657718121
4	0.7610798935	0.5815043214	0.6260109136	0.1435093291	0.9704697987	0.9704697987
5	0.7588734902	0.5794864986	0.6249827676	0.1429706905	0.9657718121	0.9657718121
6	0.7605220475	0.5763807561	0.6260950748	0.1435535217	0.9684563758	0.9684563758
7	0.7638870123	0.5735045897	0.6289731946	0.1450740889	0.9724832215	0.9724832215
8	0.7590807267	0.5705802887	0.6266786067	0.1438603531	0.9624161074	0.9624161074
9	0.7625632995	0.5689153177	0.6269015159	0.1439777579	0.9731543624	0.9731543624
10	0.7636461029	0.5641752181	0.6269752723	0.1440166287	0.9765100671	0.9765100671
11	0.7638835676	0.5610747852	0.6275727454	0.1443319436	0.9758389262	0.9758389262
12	0.7646705232	0.5598438826	0.6283575616	0.144747314	0.9765100671	0.9765100671
13	0.7657442212	0.5578653003	0.6289742068	0.1450746269	0.9785234899	0.9785234899
14	0.7672760462	0.5554617644	0.6313232881	0.1463292156	0.977852349	0.977852349
15	0.7700707039	0.5538584366	0.633150004	0.1473133427	0.9825503356	0.9825503356
16	0.7721260785	0.5519807461	0.6362151523	0.1489816701	0.9818791946	0.9818791946
17	0.7723659468	0.5433831544	0.6359780673	0.1488518594	0.9832214765	0.9832214765
18	0.7724908096	0.5423372812	0.6364286668	0.1490986862	0.9825503356	0.9825503356
19	0.7724500099	0.5418940848	0.6363732827	0.149068323	0.9825503356	0.9825503356
20	0.7721441493	0.5413746144	0.635958209	0.1488409923	0.9825503356	0.9825503356
21	0.7740503207	0.5388343011	0.6374197376	0.1496432212	0.9852348993	0.9852348993
22	0.7740503207	0.5386919945	0.6374197376	0.1496432212	0.9852348993	0.9852348993
23	0.7748599068	0.5376758406	0.6379559708	0.1499388005	0.9865771812	0.9865771812
24	0.7751666654	0.5360431384	0.6383719513	0.1501685565	0.9865771812	0.9865771812
25	0.7761961351	0.5355115419	0.6389256814	0.150475023	0.988590604	0.988590604
26	0.7774794095	0.5331675382	0.6412315714	0.1517590013	0.9872483221	0.9872483221
27	0.7773149088	0.5326204101	0.6410078075	0.1516338522	0.9872483221	0.9872483221
28	0.7777283617	0.5263350832	0.6407228827	0.1514746686	0.989261745	0.989261745
29	0.7781599037	0.5260459026	0.6413088776	0.1518022657	0.989261745	0.989261745
30	0.779230548	0.5247911809	0.6427645362	0.15261959	0.989261745	0.989261745
31	0.7788322625	0.5241459442	0.642789697	0.1526337619	0.9879194631	0.9879194631
32	0.7802866124	0.5199768971	0.6450596029	0.1539185937	0.9872483221	0.9872483221
33	0.7802658973	0.5192988714	0.6450312888	0.1539024901	0.9872483221	0.9872483221
34	0.7805434155	0.5187376658	0.6456978486	0.1542821159	0.9865771812	0.9865771812
35	0.78135325	0.5175300681	0.6468069873	0.1549162188	0.9865771812	0.9865771812
36	0.7817483939	0.5163657028	0.6473487184	0.1552270327	0.9865771812	0.9865771812
37	0.782947267	0.5155687431	0.6487044434	0.1560080602	0.9872483221	0.9872483221
38	0.7828012935	0.5154335245	0.6485040519	0.1558923273	0.9872483221	0.9872483221
39	0.784033348	0.5137004455	0.6501969526	0.1568732004	0.9872483221	0.9872483221
40	0.785269287	0.5123999132	0.6518987149	0.157866495	0.9872483221	0.9872483221
41	0.7870567433	0.510673458	0.6543661272	0.159319831	0.9872483221	0.9872483221
42	0.7870822515	0.5093697508	0.6549924944	0.1596912708	0.9859060403	0.9859060403
43	0.7878005385	0.5086409415	0.6559879544	0.1602836879	0.9859060403	0.9859060403
44	0.7881390098	0.5077266142	0.6564574539	0.1605639961	0.9859060403	0.9859060403
45	0.7879697378	0.5076102577	0.6562226202	0.1604237196	0.9859060403	0.9859060403
46	0.7887459955	0.5056518224	0.6575987379	0.1612478032	0.9852348993	0.9852348993
47	0.7905104129	0.5041538546	0.6600553006	0.1627314045	0.9852348993	0.9852348993
48	0.7910860828	0.5029308853	0.6608583845	0.1632199244	0.9852348993	0.9852348993
49	0.7919720392	0.5024287079	0.6614910558	0.16360601	0.9865771812	0.9865771812
50	0.7921051893	0.5022865645	0.6613753133	0.1635352974	0.9872483221	0.9872483221
51	0.7936880995	0.5004444977	0.6635853442	0.1648918283	0.9872483221	0.9872483221
52	0.7935380939	0.5004053938	0.6633756549	0.1647625448	0.9872483221	0.9872483221
53	0.7954307784	0.49901002	0.6657201995	0.1662149955	0.9879194631	0.9879194631
54	0.7956433462	0.498306992	0.6663234177	0.1665911665	0.9872483221	0.9872483221
55	0.795535665	0.4983011256	0.6661723876	0.1664968874	0.9872483221	0.9872483221
56	0.7960959258	0.4975889794	0.6669584927	0.1669883074	0.9872483221	0.9872483221
57	0.7975676089	0.4960644222	0.6684119653	0.167901516	0.988590604	0.988590604
58	0.7994092726	0.4947599918	0.6700785762	0.168956044	0.9906040268	0.9906040268
59	0.7995610185	0.4939555851	0.6705994739	0.1692872719	0.9899328859	0.9899328859
60	0.7994308829	0.4939410151	0.6704164104	0.1691707765	0.9899328859	0.9899328859
61	0.7997999006	0.4925427294	0.6712442615	0.1696983652	0.989261745	0.989261745
62	0.8008220686	0.4914773058	0.6726854724	0.1706215997	0.989261745	0.989261745
63	0.8011270494	0.4913030092	0.6731159663	0.1708985507	0.989261745	0.989261745
64	0.8025023426	0.4902879886	0.6750600273	0.1721560383	0.989261745	0.989261745
65	0.802677321	0.490203601	0.675307696	0.1723170447	0.989261745	0.989261745
66	0.803421831	0.4892420286	0.6763623185	0.1730046948	0.989261745	0.989261745
67	0.806289448	0.4877199198	0.6794876173	0.1750622259	0.9912751678	0.9912751678
68	0.8068897212	0.4865500432	0.680657182	0.1758398856	0.9906040268	0.9906040268
69	0.8075304721	0.4857794005	0.681569581	0.1764494919	0.9906040268	0.9906040268
70	0.8077572952	0.4856101164	0.6822111829	0.1768797218	0.9899328859	0.9899328859
71	0.8086376083	0.4843709124	0.6831484404	0.1775105232	0.9906040268	0.9906040268
72	0.8096880645	0.4832480096	0.6849701865	0.1787445468	0.9899328859	0.9899328859
73	0.8106980489	0.4814353876	0.6867401055	0.1799536076	0.989261745	0.989261745
74	0.8106164256	0.4811109066	0.6869466607	0.1800953662	0.988590604	0.988590604
75	0.8115386858	0.4805732041	0.6876232203	0.1805606561	0.9899328859	0.9899328859
76	0.8121201398	0.4797263716	0.6884585236	0.181137173	0.9899328859	0.9899328859
77	0.8124648916	0.4792648476	0.6892796275	0.1817061144	0.989261745	0.989261745
78	0.8137768223	0.4778477553	0.6914982703	0.1832545409	0.988590604	0.988590604
79	0.8155587224	0.4764412395	0.6934153667	0.1846057572	0.9899328859	0.9899328859
80	0.8151634859	0.4760642153	0.6931732651	0.1844344344	0.989261745	0.989261745
81	0.8151183625	0.4760618363	0.6931080107	0.1843882912	0.989261745	0.989261745
82	0.8164172683	0.4750620595	0.6946575633	0.1854879276	0.9899328859	0.9899328859
83	0.8174714259	0.4742695262	0.6965176105	0.1868187579	0.989261745	0.989261745
84	0.8172795747	0.474228236	0.6965719206	0.1868577953	0.988590604	0.988590604
85	0.818039093	0.4738668315	0.6973422329	0.1874125874	0.989261745	0.989261745
86	0.8193225588	0.4726366884	0.6988747477	0.1885224949	0.9899328859	0.9899328859
87	0.8203260339	0.471563327	0.7003362555	0.1895886889	0.9899328859	0.9899328859
88	0.8206686897	0.4710503313	0.7008358949	0.1899549259	0.9899328859	0.9899328859
89	0.8212404193	0.47026966	0.7016702134	0.1905684755	0.9899328859	0.9899328859
90	0.821782628	0.4692375575	0.7028005523	0.1914037138	0.989261745	0.989261745
91	0.8222502636	0.4679690661	0.7041652413	0.1924183007	0.9879194631	0.9879194631
92	0.8233026723	0.4665094543	0.7060531949	0.1938331796	0.9872483221	0.9872483221
93	0.8236487588	0.4659018966	0.7065624098	0.1942170584	0.9872483221	0.9872483221
94	0.8241106604	0.4652854119	0.7072425066	0.1947312682	0.9872483221	0.9872483221
95	0.8260840957	0.4634449133	0.7098074604	0.196686264	0.9879194631	0.9879194631
96	0.8264511999	0.463026868	0.7106970934	0.1973701865	0.9872483221	0.9872483221
97	0.8275287848	0.4626467742	0.7115952305	0.1980637354	0.988590604	0.988590604
98	0.8285305406	0.4618244641	0.7130779886	0.1992155802	0.988590604	0.988590604
99	0.829134922	0.4608235567	0.7143242929	0.2001903985	0.9879194631	0.9879194631
100	0.8294365979	0.4599919113	0.7151239729	0.2008191126	0.9872483221	0.9872483221
101	0.8301863205	0.4592690768	0.7162393232	0.2017002605	0.9872483221	0.9872483221
102	0.830467816	0.4592094528	0.7166584771	0.2020326878	0.9872483221	0.9872483221
103	0.8303001349	0.4581665769	0.7171172595	0.2023973546	0.9859060403	0.9859060403
104	0.8313820079	0.4570093099	0.7187328386	0.2036882973	0.9859060403	0.9859060403
105	0.8324197751	0.4563758735	0.7199276364	0.2046498677	0.9865771812	0.9865771812
106	0.8337424394	0.4552733157	0.7215496738	0.2059647158	0.9872483221	0.9872483221
107	0.8355164306	0.4539419971	0.7234905632	0.207552487	0.988590604	0.988590604
108	0.8348806373	0.453173066	0.7236169716	0.2076564487	0.9865771812	0.9865771812
109	0.8353793089	0.452642796	0.7243665268	0.2082742987	0.9865771812	0.9865771812
110	0.8362831828	0.4517422485	0.7257268194	0.2094017094	0.9865771812	0.9865771812
111	0.8363784412	0.451404609	0.7258703053	0.2095210946	0.9865771812	0.9865771812
112	0.8369981503	0.4508174387	0.7268043488	0.2103004292	0.9865771812	0.9865771812
113	0.8376220454	0.4494423606	0.7281113468	0.2113973234	0.9859060403	0.9859060403
114	0.8385993335	0.4484289121	0.7292224224	0.2123356926	0.9865771812	0.9865771812
115	0.8386512001	0.4480269249	0.7296680446	0.2127135824	0.9859060403	0.9859060403
116	0.8395341894	0.4472991151	0.7306373809	0.2135386403	0.9865771812	0.9865771812
117	0.8399903875	0.4461971283	0.7313287107	0.2141296431	0.9865771812	0.9865771812
118	0.8410005869	0.4453360235	0.7328615656	0.2154477503	0.9865771812	0.9865771812
119	0.8416995248	0.4445662951	0.733923721	0.216367383	0.9865771812	0.9865771812
120	0.8420615004	0.4434724235	0.7344743207	0.2168461425	0.9865771812	0.9865771812
121	0.8433599526	0.4425523233	0.7360787642	0.2182492582	0.9872483221	0.9872483221
122	0.8452031826	0.4406498671	0.7388915745	0.2207382953	0.9872483221	0.9872483221
123	0.8449282747	0.4397823946	0.7392242974	0.2210352091	0.9859060403	0.9859060403
124	0.8450499087	0.4395736193	0.7394105253	0.2212016263	0.9859060403	0.9859060403
125	0.8461461925	0.4387441257	0.7410908077	0.2227107338	0.9859060403	0.9859060403
126	0.8478712689	0.4374424875	0.7433600053	0.2247706422	0.9865771812	0.9865771812
127	0.8488514555	0.4362223905	0.7448681945	0.2261538462	0.9865771812	0.9865771812
128	0.8493800544	0.4358918086	0.7452996793	0.226551671	0.9872483221	0.9872483221
129	0.8493800544	0.4358560869	0.7452996793	0.226551671	0.9872483221	0.9872483221
130	0.8506584123	0.4345470757	0.7472704402	0.2283806862	0.9872483221	0.9872483221
131	0.8513355062	0.4338438377	0.7479309544	0.2289981332	0.9879194631	0.9879194631
132	0.851126465	0.4337038879	0.7479931282	0.2290563687	0.9872483221	0.9872483221
133	0.8518303655	0.4325762509	0.7494679532	0.2304436432	0.9865771812	0.9865771812
134	0.8529403378	0.4320586718	0.7504118086	0.2313374195	0.9879194631	0.9879194631
135	0.8537574163	0.4306170153	0.7516776285	0.2325434439	0.9879194631	0.9879194631
136	0.8542683043	0.4296947133	0.752859859	0.2336775218	0.9872483221	0.9872483221
137	0.8559278505	0.4282054829	0.7546574778	0.2354163337	0.988590604	0.988590604
138	0.8556610632	0.4275158806	0.755025996	0.2357749639	0.9872483221	0.9872483221
139	0.8568167317	0.4264772096	0.7564335451	0.237151603	0.9879194631	0.9879194631
140	0.8585746612	0.4252207054	0.758782295	0.2394732564	0.988590604	0.988590604
141	0.8583993671	0.4251472302	0.7585085114	0.2392010393	0.988590604	0.988590604
142	0.8595526118	0.4240050808	0.7603112863	0.2410013089	0.988590604	0.988590604
143	0.8608096584	0.4223712441	0.762280569	0.2429891125	0.988590604	0.988590604
144	0.8617471743	0.4217016052	0.7633520709	0.2440801457	0.989261745	0.989261745
145	0.8619237186	0.4212744406	0.7636291747	0.2443633952	0.989261745	0.989261745
146	0.8626811572	0.4206064971	0.7648190447	0.2455848051	0.989261745	0.989261745
147	0.862600995	0.4196330143	0.765094543	0.2458688032	0.988590604	0.988590604
148	0.8626472327	0.4185276178	0.7655698439	0.2463598326	0.9879194631	0.9879194631
149	0.8634361285	0.417734047	0.7664095308	0.2472306143	0.988590604	0.988590604
150	0.8641967452	0.4169618069	0.7676089028	0.2484817814	0.988590604	0.988590604
151	0.8649587032	0.4160970365	0.7688120346	0.2497456765	0.988590604	0.988590604
152	0.8651849246	0.4155013514	0.7695763262	0.2505531915	0.9879194631	0.9879194631
153	0.8659491462	0.4145455403	0.770786461	0.2518391788	0.9879194631	0.9879194631
154	0.8666891782	0.4138101923	0.7719598811	0.2530949106	0.9879194631	0.9879194631
155	0.8673025756	0.412965072	0.7729336926	0.2541436464	0.9879194631	0.9879194631
156	0.8688401915	0.4119758952	0.7745546547	0.2559027778	0.989261745	0.989261745
157	0.8693274776	0.4111333855	0.775329525	0.2567496952	0.989261745	0.989261745
158	0.86937901	0.4103348324	0.7758243503	0.2572925764	0.988590604	0.988590604
159	0.8704332275	0.4089202491	0.7775050195	0.259148487	0.988590604	0.988590604
160	0.8711790058	0.408245113	0.7782799985	0.2600105839	0.989261745	0.989261745
161	0.8713852181	0.4073918211	0.7786092157	0.2603780251	0.989261745	0.989261745
162	0.8721852138	0.406695977	0.7798875671	0.2618117229	0.989261745	0.989261745
163	0.8722110446	0.40667911	0.7799288742	0.2618582341	0.989261745	0.989261745
164	0.8723660614	0.4061826999	0.7801768083	0.2621376489	0.989261745	0.989261745
165	0.8725986898	0.4056129017	0.7805490052	0.262557891	0.989261745	0.989261745
166	0.8728831821	0.4031240135	0.7810043951	0.2630733536	0.989261745	0.989261745
167	0.8739451985	0.4019219832	0.7827064489	0.2650125854	0.989261745	0.989261745
168	0.874386305	0.4008422515	0.7834143562	0.2658250676	0.989261745	0.989261745
169	0.8748538446	0.3999665038	0.7841653022	0.2666907907	0.989261745	0.989261745
170	0.8758946137	0.3988443972	0.7858392363	0.2686349553	0.989261745	0.989261745
171	0.8778728825	0.3969851775	0.7886033063	0.2718894009	0.9899328859	0.9899328859
172	0.8791561176	0.3957032082	0.7906767686	0.2743675595	0.9899328859	0.9899328859
173	0.8798910805	0.3947954265	0.791866507	0.2758040389	0.9899328859	0.9899328859
174	0.880293021	0.3938608853	0.7929485064	0.2771197594	0.989261745	0.989261745
175	0.8813119849	0.3927263016	0.794171143	0.2786173026	0.9899328859	0.9899328859
176	0.8814437823	0.391686305	0.794385214	0.2788806958	0.9899328859	0.9899328859
177	0.882543165	0.3903694991	0.7957392851	0.2805550276	0.9906040268	0.9906040268
178	0.8842367331	0.3889905979	0.7984971457	0.2840100058	0.9906040268	0.9906040268
179	0.8850328326	0.3880641847	0.7997964841	0.2856589897	0.9906040268	0.9906040268
180	0.8851501809	0.3869486525	0.8004264124	0.2864633909	0.9899328859	0.9899328859
181	0.8850127044	0.3861180901	0.8010808232	0.2873025161	0.988590604	0.988590604
182	0.8863214952	0.385360609	0.8023440973	0.2889324192	0.9899328859	0.9899328859
183	0.886774879	0.3847412922	0.8030874843	0.2898977987	0.9899328859	0.9899328859
184	0.8879374331	0.3838211314	0.8045532188	0.2918149466	0.9906040268	0.9906040268
185	0.8884590316	0.3826249346	0.8049669826	0.2923594616	0.9912751678	0.9912751678
186	0.8891689565	0.3815515104	0.8065776684	0.2944932163	0.9906040268	0.9906040268
187	0.8894371311	0.3807239711	0.807019115	0.2950819672	0.9906040268	0.9906040268
188	0.8899202534	0.3798933495	0.8078149378	0.2961476726	0.9906040268	0.9906040268
189	0.8902426265	0.3792704687	0.8083463589	0.2968624296	0.9906040268	0.9906040268
190	0.8902720505	0.3782951191	0.8092909876	0.2981391586	0.989261745	0.989261745
191	0.8910684944	0.3772471149	0.8110594141	0.300550908	0.988590604	0.988590604
192	0.892386979	0.3763022224	0.812340639	0.3023160484	0.9899328859	0.9899328859
193	0.8936146208	0.3752930836	0.8139238571	0.3045182587	0.9906040268	0.9906040268
194	0.8931881106	0.3749553121	0.8141233076	0.3047973532	0.989261745	0.989261745
195	0.8937672372	0.3740966222	0.8146310416	0.3055095278	0.9899328859	0.9899328859
196	0.8947712765	0.3727554364	0.8163008068	0.3078689209	0.9899328859	0.9899328859
197	0.8947892264	0.371840442	0.81678764	0.3085618589	0.989261745	0.989261745
198	0.8955238565	0.37114326	0.8180127357	0.3103157895	0.989261745	0.989261745
199	0.8960688051	0.3699779532	0.818922586	0.311627907	0.989261745	0.989261745
200	0.8967236195	0.3692783678	0.8200170816	0.3132171696	0.989261745	0.989261745
201	0.8974340827	0.3682074906	0.8212060915	0.314957265	0.989261745	0.989261745
202	0.8979539797	0.3675781417	0.8220771661	0.31624115	0.989261745	0.989261745
203	0.8989407013	0.3663815943	0.8237327014	0.3187027027	0.989261745	0.989261745
204	0.8993250123	0.3652498047	0.8243783228	0.3196703535	0.989261745	0.989261745
205	0.9004633215	0.3642202137	0.8253591858	0.3211488251	0.9906040268	0.9906040268
206	0.9003478191	0.3638421403	0.8256313965	0.3215609331	0.9899328859	0.9899328859
207	0.900133505	0.3604656307	0.824805168	0.3203125	0.9906040268	0.9906040268
208	0.9006558261	0.3597817197	0.8256827068	0.3216387012	0.9906040268	0.9906040268
209	0.9012613767	0.3587648544	0.82670114	0.3231880885	0.9906040268	0.9906040268
210	0.9013115722	0.3578094266	0.8272537126	0.3240333919	0.9899328859	0.9899328859
211	0.9020884411	0.3569833892	0.8280939683	0.3253251047	0.9906040268	0.9906040268
212	0.9029999668	0.3559537417	0.8296315102	0.3277087034	0.9906040268	0.9906040268
213	0.9035256209	0.3545428263	0.8305193544	0.32909699	0.9906040268	0.9906040268
214	0.9040518872	0.3539952491	0.8314091009	0.3304970891	0.9906040268	0.9906040268
215	0.9043845819	0.3529630909	0.831972029	0.3313875168	0.9906040268	0.9906040268
216	0.9049143331	0.3521012199	0.8323952664	0.3320593525	0.9912751678	0.9912751678
217	0.905386303	0.3511974949	0.8331943254	0.3333333333	0.9912751678	0.9912751678
218	0.9056065604	0.3500692178	0.8340426367	0.3346938776	0.9906040268	0.9906040268
219	0.9058290932	0.3494186206	0.8344202186	0.3353021354	0.9906040268	0.9906040268
220	0.9067760788	0.3480921239	0.8360287633	0.3379120879	0.9906040268	0.9906040268
221	0.9074465093	0.3474411518	0.8366905305	0.3389947211	0.9912751678	0.9912751678
222	0.9075015814	0.3466257313	0.8372630175	0.3399355136	0.9906040268	0.9906040268
223	0.9077809301	0.3459273555	0.8377387017	0.3407202216	0.9906040268	0.9906040268
224	0.9082841913	0.344670731	0.8385962966	0.3421418637	0.9906040268	0.9906040268
225	0.9086760027	0.3440744518	0.8392645297	0.343255814	0.9906040268	0.9906040268
226	0.9084519724	0.3432466869	0.8393642896	0.3434225844	0.9899328859	0.9899328859
227	0.9093489777	0.3421082545	0.8408970908	0.3460004692	0.9899328859	0.9899328859
228	0.9102758717	0.3411099562	0.8424836664	0.3486997636	0.9899328859	0.9899328859
229	0.9108666978	0.3401408283	0.8434964264	0.3504395343	0.9899328859	0.9899328859
230	0.9113455476	0.3392936681	0.8443180649	0.351860687	0.9899328859	0.9899328859
231	0.9116274592	0.3383671709	0.8448021297	0.3527020564	0.9899328859	0.9899328859
232	0.9125280714	0.3375133503	0.845860311	0.3545520058	0.9906040268	0.9906040268
233	0.9129770956	0.3366886805	0.8461426388	0.3550480769	0.9912751678	0.9912751678
234	0.9130083443	0.3359919849	0.8466860031	0.3560057887	0.9906040268	0.9906040268
235	0.9136872379	0.3353190875	0.8478544341	0.3580786026	0.9906040268	0.9906040268
236	0.9139704083	0.3349086139	0.8483422327	0.3589494163	0.9906040268	0.9906040268
237	0.9141403948	0.3342311795	0.8486351814	0.3594739406	0.9906040268	0.9906040268
238	0.9146466065	0.333340703	0.8490151721	0.3601560595	0.9912751678	0.9912751678
239	0.915157165	0.3322841625	0.849895425	0.3617438158	0.9912751678	0.9912751678
240	0.9154978542	0.3312779909	0.850483275	0.3628101204	0.9912751678	0.9912751678
241	0.9168290404	0.330201108	0.8522877192	0.3661134506	0.9919463087	0.9919463087
242	0.9183838882	0.3289092652	0.8539842404	0.369261477	0.9932885906	0.9932885906
243	0.9179626411	0.328527447	0.8537519162	0.3688279302	0.9926174497	0.9926174497
244	0.919297524	0.3276690957	0.8555655829	0.3722334004	0.9932885906	0.9932885906
245	0.9194404439	0.32691234	0.8558131968	0.3727020902	0.9932885906	0.9932885906
246	0.9193906517	0.3256909779	0.856225669	0.3734848485	0.9926174497	0.9926174497
247	0.9207777235	0.3247265679	0.8576330069	0.3761747523	0.9939597315	0.9939597315
248	0.9209007686	0.3238005613	0.8583470701	0.3775510204	0.9932885906	0.9932885906
249	0.9207657281	0.3229661404	0.858613996	0.3780674847	0.9926174497	0.9926174497
250	0.9203723057	0.3222048931	0.8584320405	0.3777153079	0.9919463087	0.9919463087
251	0.9212537212	0.3214788099	0.85946306	0.3797175866	0.9926174497	0.9926174497
252	0.9218951343	0.320560361	0.861085351	0.3829015544	0.9919463087	0.9919463087
253	0.9223846568	0.3198117285	0.8619398906	0.3845953682	0.9919463087	0.9919463087
254	0.9221542285	0.3194120362	0.8615375432	0.3837964165	0.9919463087	0.9919463087
255	0.9234993958	0.3184732085	0.8633803917	0.3874770762	0.9926174497	0.9926174497
256	0.9237303406	0.3181638502	0.8637841894	0.38829089	0.9926174497	0.9926174497
257	0.9236437227	0.3178224768	0.863632721	0.3879853095	0.9926174497	0.9926174497
258	0.9244996905	0.317368604	0.8646214637	0.3899868248	0.9932885906	0.9932885906
259	0.9248177427	0.316398643	0.8651780045	0.3911205074	0.9932885906	0.9932885906
260	0.924434765	0.3160636714	0.8655272606	0.3918345705	0.9919463087	0.9919463087
261	0.9252632721	0.3154180216	0.8664689184	0.3937699681	0.9926174497	0.9926174497
262	0.9258720683	0.3147007515	0.8675373009	0.3959839357	0.9926174497	0.9926174497
263	0.9261622529	0.3139545888	0.8680469811	0.3970469799	0.9926174497	0.9926174497
264	0.9258668596	0.3130470233	0.8685560506	0.3981132075	0.9912751678	0.9912751678
265	0.9258959089	0.3124156791	0.8686071805	0.3982205446	0.9912751678	0.9912751678
266	0.9259830675	0.3118066087	0.8687606065	0.3985429034	0.9912751678	0.9912751678
267	0.9262277407	0.3108687409	0.8697081058	0.4005427408	0.9906040268	0.9906040268
268	0.9271304304	0.3095370852	0.8713012376	0.4039408867	0.9906040268	0.9906040268
269	0.9274803312	0.3086849233	0.8719195019	0.4052718287	0.9906040268	0.9906040268
270	0.9282393564	0.3079523482	0.8732620891	0.4081858407	0.9906040268	0.9906040268
271	0.9282822017	0.3076078502	0.8738602474	0.4094947252	0.9899328859	0.9899328859
272	0.928223726	0.3066884157	0.8737566128	0.4092674806	0.9899328859	0.9899328859
273	0.9288088144	0.3060830422	0.8747940667	0.4115513393	0.9899328859	0.9899328859
274	0.9296145978	0.3050120916	0.8756995956	0.4135612216	0.9906040268	0.9906040268
275	0.9305967285	0.3040500139	0.8769183565	0.4162908681	0.9912751678	0.9912751678
276	0.9310664996	0.3032922176	0.8777530087	0.4181766704	0.9912751678	0.9912751678
277	0.9313445588	0.3029336214	0.8777212496	0.4181046676	0.9919463087	0.9919463087
278	0.9319029837	0.3023585396	0.8787137203	0.4203640501	0.9919463087	0.9919463087
279	0.9319191696	0.3013866931	0.8792698723	0.4216385955	0.9912751678	0.9912751678
280	0.9321971606	0.3006574338	0.8792369753	0.4215630348	0.9919463087	0.9919463087
281	0.9330513249	0.2997844133	0.8807579452	0.4250790912	0.9919463087	0.9919463087
282	0.9334052302	0.2993453746	0.8813888523	0.4265512266	0.9919463087	0.9919463087
283	0.9343914718	0.2986810057	0.8826179576	0.4294425087	0.9926174497	0.9926174497
284	0.935182477	0.2980846335	0.88296862	0.430273097	0.9939597315	0.9939597315
285	0.9349644123	0.2976031649	0.8831097443	0.4306080884	0.9932885906	0.9932885906
286	0.934816626	0.2969746067	0.8828460853	0.4299825683	0.9932885906	0.9932885906
287	0.9349348513	0.2963604316	0.8830569999	0.4304828389	0.9932885906	0.9932885906
288	0.9354968303	0.2955384778	0.8840602218	0.4328751097	0.9932885906	0.9932885906
289	0.935574796	0.294589836	0.8847319861	0.4344888367	0.9926174497	0.9926174497
290	0.9358118205	0.2940530866	0.8851560076	0.4355123675	0.9926174497	0.9926174497
291	0.935712175	0.2936135326	0.8855118837	0.4363743726	0.9919463087	0.9919463087
292	0.9366228175	0.2931023254	0.8860735195	0.4377403135	0.9932885906	0.9932885906
293	0.9368305319	0.2925963695	0.8864453908	0.4386484884	0.9932885906	0.9932885906
294	0.9366619161	0.2916994301	0.887214564	0.4405365127	0.9919463087	0.9919463087
295	0.9370878881	0.2914215255	0.8874421046	0.4410975246	0.9926174497	0.9926174497
296	0.938019241	0.2906162117	0.8885763716	0.4439112178	0.9932885906	0.9932885906
297	0.938802237	0.289889796	0.8894445694	0.4460843373	0.9939597315	0.9939597315
298	0.9391513122	0.2889810624	0.8906103151	0.4490291262	0.9932885906	0.9932885906
299	0.9397264812	0.2885044419	0.8911052613	0.4502888416	0.9939597315	0.9939597315
300	0.9399951511	0.2875452424	0.8915885598	0.4515243902	0.9939597315	0.9939597315
301	0.9405927458	0.2867486012	0.8926644357	0.4542944785	0.9939597315	0.9939597315
302	0.9413707557	0.2859272137	0.8940669623	0.4579468151	0.9939597315	0.9939597315
303	0.9410940974	0.2855170087	0.8941110995	0.4580625193	0.9932885906	0.9932885906
304	0.9416035372	0.2844409667	0.8950312342	0.4604853765	0.9932885906	0.9932885906
305	0.9416866807	0.2838924741	0.8957273029	0.4623319787	0.9926174497	0.9926174497
306	0.9415966628	0.2833252222	0.8955644258	0.4618988132	0.9926174497	0.9926174497
307	0.9420234902	0.2831052267	0.8957904154	0.4625	0.9932885906	0.9932885906
308	0.9426602928	0.2823420083	0.8963962223	0.4641178314	0.9939597315	0.9939597315
309	0.9429306432	0.2816763794	0.8968852787	0.4654305468	0.9939597315	0.9939597315
310	0.9429306432	0.2809541405	0.8968852787	0.4654305468	0.9939597315	0.9939597315
311	0.9431710848	0.2803390017	0.8973204436	0.4666036547	0.9939597315	0.9939597315
312	0.9432011486	0.279819463	0.8973748689	0.4667507091	0.9939597315	0.9939597315
313	0.9438383173	0.2789353061	0.8979813386	0.4683944374	0.9946308725	0.9946308725
314	0.94438016	0.2781438702	0.8989627878	0.4710743802	0.9946308725	0.9946308725
315	0.9445307823	0.2775309486	0.8992357935	0.4718242598	0.9946308725	0.9946308725
316	0.9446814527	0.2769719904	0.899508965	0.4725765306	0.9946308725	0.9946308725
317	0.9452287221	0.2764165869	0.8999524343	0.4738019169	0.9953020134	0.9953020134
318	0.9454355261	0.2754807042	0.9008773158	0.4763741562	0.9946308725	0.9946308725
319	0.9459187652	0.2747666328	0.9017552473	0.4788368336	0.9946308725	0.9946308725
320	0.9459792048	0.2742878481	0.9018651091	0.4791464597	0.9946308725	0.9946308725
321	0.9462815189	0.2736005519	0.9024148197	0.4807006163	0.9946308725	0.9946308725
322	0.9468261713	0.2729033397	0.9034059894	0.4835236542	0.9946308725	0.9946308725
323	0.9468227757	0.2720983484	0.9039541893	0.4850966263	0.9939597315	0.9939597315
324	0.9467621874	0.2712535551	0.9038437435	0.4847790507	0.9939597315	0.9939597315
325	0.9468833718	0.2707101723	0.9040646621	0.4854146182	0.9939597315	0.9939597315
326	0.9473077618	0.2698192519	0.9048387284	0.4876522884	0.9939597315	0.9939597315
327	0.9478236041	0.2689390446	0.90578045	0.490397351	0.9939597315	0.9939597315
328	0.9482184511	0.2683086293	0.9065019137	0.4925174593	0.9939597315	0.9939597315
329	0.9487678013	0.2676758365	0.9069478509	0.4938353882	0.9946308725	0.9946308725
330	0.9491023213	0.2669575691	0.9075594071	0.4956521739	0.9946308725	0.9946308725
331	0.949711144	0.2659899801	0.9086734431	0.498989899	0.9946308725	0.9946308725
332	0.9504437321	0.2656865252	0.9094545956	0.501352265	0.9953020134	0.9953020134
333	0.9506266899	0.2650089741	0.9097896896	0.5023712737	0.9953020134	0.9953020134
334	0.9511759864	0.2645101704	0.9107964548	0.5054533061	0.9953020134	0.9953020134
335	0.9512675975	0.2639183261	0.9109644657	0.5059706585	0.9953020134	0.9953020134
336	0.9520009616	0.2632651782	0.9111856331	0.5066530194	0.9966442953	0.9966442953
337	0.9524593706	0.2626166181	0.9120258924	0.5092592593	0.9966442953	0.9966442953
338	0.9525816876	0.2619247727	0.9122502234	0.5099587912	0.9966442953	0.9966442953
339	0.952734628	0.2611692502	0.9125307923	0.5108359133	0.9966442953	0.9966442953
340	0.9529182213	0.2606169338	0.9128677029	0.5118924509	0.9966442953	0.9966442953
341	0.953468356	0.2600146194	0.9133143907	0.513298791	0.9973154362	0.9973154362
342	0.9533775144	0.2595599218	0.9137110689	0.5145530146	0.9966442953	0.9966442953
343	0.9535307105	0.2589357424	0.9139925372	0.5154460257	0.9966442953	0.9966442953
344	0.95429743	0.2580936049	0.9154024843	0.5199579832	0.9966442953	0.9966442953
345	0.9544526577	0.2573230966	0.9162554617	0.5227192673	0.9959731544	0.9959731544
346	0.955157621	0.2565894792	0.9169867984	0.525106082	0.9966442953	0.9966442953
347	0.955280632	0.2560465094	0.9172135767	0.5258498584	0.9966442953	0.9966442953
348	0.9551906067	0.2555402585	0.9176165606	0.5271758437	0.9959731544	0.9959731544
349	0.9551906067	0.2552132695	0.9176165606	0.5271758437	0.9959731544	0.9959731544
350	0.9556216041	0.2546913174	0.9184124041	0.5298107819	0.9959731544	0.9959731544
351	0.9555008702	0.2542796223	0.9187605447	0.5309702828	0.9953020134	0.9953020134
352	0.9559015995	0.2537868793	0.9195018407	0.5334532374	0.9953020134	0.9953020134
353	0.9564847668	0.2530997516	0.9200082395	0.535160476	0.9959731544	0.9959731544
354	0.9568518047	0.2527640116	0.9201148642	0.5355210963	0.9966442953	0.9966442953
355	0.9569443875	0.252273327	0.9202860999	0.536101083	0.9966442953	0.9966442953
356	0.9573112213	0.2516866336	0.9203925301	0.5364620939	0.9973154362	0.9973154362
357	0.9578053455	0.2509696393	0.92130646	0.5395787945	0.9973154362	0.9973154362
358	0.9583574578	0.2501501992	0.9217554074	0.5411208151	0.9979865772	0.9979865772
359	0.9579021275	0.2497371335	0.9220592743	0.5421686747	0.9966442953	0.9966442953
360	0.9583618452	0.2492520466	0.9223368031	0.543128655	0.9973154362	0.9973154362
361	0.959007082	0.2483360496	0.9229580608	0.5452878621	0.9979865772	0.9979865772
362	0.9589809373	0.2477025604	0.9234843351	0.5471281296	0.9973154362	0.9973154362
363	0.959347713	0.2472544436	0.9235892755	0.5474963181	0.9979865772	0.9979865772
364	0.9599311869	0.2468099671	0.9240960514	0.5492801772	0.9986577181	0.9986577181
365	0.960148196	0.2465979592	0.924498354	0.5507031828	0.9986577181	0.9986577181
366	0.9603963266	0.2460020918	0.9249585576	0.5523385301	0.9986577181	0.9986577181
367	0.9607687631	0.245542268	0.9256497227	0.5548098434	0.9986577181	0.9986577181
368	0.9607747953	0.2452538598	0.9262382818	0.556928839	0.9979865772	0.9979865772
369	0.9609301688	0.2446350804	0.9265271332	0.5579737336	0.9979865772	0.9979865772
370	0.9608680134	0.244027443	0.926411571	0.5575553056	0.9979865772	0.9979865772
371	0.9609052158	0.2431589929	0.9270599005	0.5599095705	0.9973154362	0.9973154362
372	0.9618255701	0.2424086775	0.927613645	0.5619335347	0.9986577181	0.9986577181
373	0.9618634663	0.2418538576	0.9282640318	0.5643263757	0.9979865772	0.9979865772
374	0.9620191921	0.2412909248	0.9285541482	0.5653992395	0.9979865772	0.9979865772
375	0.9618946074	0.2408519655	0.9283220406	0.5645406226	0.9979865772	0.9979865772
376	0.9625417883	0.2404676749	0.928946913	0.5668571429	0.9986577181	0.9986577181
377	0.9626352867	0.2398496585	0.9291211002	0.5675057208	0.9986577181	0.9986577181
378	0.9627599795	0.2394355569	0.9293534513	0.5683728037	0.9986577181	0.9986577181
379	0.9626114105	0.238905326	0.9296582465	0.5695135963	0.9979865772	0.9979865772
380	0.9627985784	0.2383267139	0.9300074548	0.5708253359	0.9979865772	0.9979865772
381	0.9633292828	0.2374595983	0.9309983045	0.5745749614	0.9979865772	0.9979865772
382	0.9635167299	0.2366943529	0.9313485205	0.5759101472	0.9979865772	0.9979865772
383	0.9636417352	0.2361078352	0.9315821442	0.5768037238	0.9979865772	0.9979865772
384	0.9641420809	0.2356794967	0.9325178123	0.5804059329	0.9979865772	0.9979865772
385	0.9644550609	0.2351612052	0.9331035599	0.5826802508	0.9979865772	0.9979865772
386	0.9646742679	0.2345787838	0.9335140213	0.5842829077	0.9979865772	0.9979865772
387	0.9650816309	0.2339471825	0.9342772655	0.5872827804	0.9979865772	0.9979865772
388	0.9653011228	0.2334485632	0.9346887603	0.5889108911	0.9979865772	0.9979865772
389	0.9653638531	0.2328997619	0.9348063969	0.5893777249	0.9979865772	0.9979865772
390	0.9657090156	0.2323449461	0.9354539275	0.5919585987	0.9979865772	0.9979865772
391	0.9658031936	0.2319786596	0.9356306825	0.592666401	0.9979865772	0.9979865772
392	0.965928793	0.2317599946	0.9358664597	0.5936127745	0.9979865772	0.9979865772
393	0.9661486704	0.2311638988	0.936279356	0.595276221	0.9979865772	0.9979865772
394	0.9661172532	0.2306719546	0.9362203485	0.5950380152	0.9979865772	0.9979865772
395	0.9667774436	0.2300855962	0.9374610696	0.6000807103	0.9979865772	0.9979865772
396	0.9669347648	0.2297119295	0.9377569642	0.6012939749	0.9979865772	0.9979865772
397	0.9676483236	0.2292756677	0.9385066834	0.6043866775	0.9986577181	0.9986577181
398	0.9674279114	0.2290218713	0.9380920994	0.602673147	0.9986577181	0.9986577181
399	0.9675223615	0.22874134	0.9382697334	0.603406326	0.9986577181	0.9986577181
400	0.9673125447	0.2282096042	0.938467874	0.6042259244	0.9979865772	0.9979865772
401	0.9673125447	0.2277042642	0.938467874	0.6042259244	0.9979865772	0.9979865772
402	0.9678373284	0.227342709	0.9388623328	0.6058631922	0.9986577181	0.9986577181
403	0.968026407	0.2268096274	0.9392182519	0.6073469388	0.9986577181	0.9986577181
404	0.968404786	0.2261999377	0.9399309003	0.6103363413	0.9986577181	0.9986577181
405	0.9687203278	0.2254828492	0.9405256005	0.6128500824	0.9986577181	0.9986577181
406	0.9690360753	0.22478704	0.9411210538	0.6153846154	0.9986577181	0.9986577181
407	0.969162432	0.2242530674	0.9413594463	0.6164043082	0.9986577181	0.9986577181
408	0.9696876253	0.2238628762	0.9417541239	0.6180987962	0.9993288591	0.9993288591
409	0.969750842	0.2234074495	0.9418733853	0.6186123806	0.9993288591	0.9993288591
410	0.969814067	0.2232920071	0.9419926769	0.6191268191	0.9993288591	0.9993288591
411	0.9696365631	0.2227012861	0.9422544948	0.620258441	0.9986577181	0.9986577181
412	0.9698896227	0.2221175079	0.9427325503	0.6223337516	0.9986577181	0.9986577181
413	0.9696170806	0.221839554	0.942815906	0.6226968174	0.9979865772	0.9979865772
414	0.969743674	0.2212356238	0.9430553189	0.6237416107	0.9979865772	0.9979865772
415	0.9697753275	0.220969655	0.9431151911	0.6240033571	0.9979865772	0.9979865772
416	0.969806983	0.2202544559	0.943175071	0.6242653233	0.9979865772	0.9979865772
417	0.9699969598	0.2199087581	0.9435345097	0.6258417508	0.9979865772	0.9979865772
418	0.9701236523	0.2195124842	0.9437742878	0.6268971332	0.9979865772	0.9979865772
419	0.9703454439	0.2191551004	0.9441941928	0.6287526427	0.9979865772	0.9979865772
420	0.9707893314	0.2187720214	0.9450351248	0.6324968099	0.9979865772	0.9979865772
421	0.9708527771	0.2184283485	0.9451553802	0.6330353342	0.9979865772	0.9979865772
422	0.9709479611	0.2179489773	0.9453358208	0.6338448423	0.9979865772	0.9979865772
423	0.9714559247	0.2174808732	0.9462993351	0.6381974249	0.9979865772	0.9979865772
424	0.9718372464	0.2168284056	0.9470232608	0.6415012942	0.9979865772	0.9979865772
425	0.9718690367	0.2164705337	0.9470836379	0.6417781614	0.9979865772	0.9979865772
426	0.9718690367	0.2158995906	0.9470836379	0.6417781614	0.9979865772	0.9979865772
427	0.9719962188	0.2155684168	0.9473252235	0.6428880242	0.9979865772	0.9979865772
428	0.9720916272	0.2151917755	0.9475064936	0.6437229437	0.9979865772	0.9979865772
429	0.9721234341	0.2150131973	0.9475669324	0.6440017324	0.9979865772	0.9979865772
430	0.9721870543	0.2145030062	0.947687833	0.6445600347	0.9979865772	0.9979865772
431	0.9723779647	0.2141084463	0.9480507203	0.6462407649	0.9979865772	0.9979865772
432	0.9723779647	0.2135621448	0.9480507203	0.6462407649	0.9979865772	0.9979865772
433	0.9730322025	0.2131042693	0.9486888851	0.6492146597	0.9986577181	0.9986577181
434	0.9730958988	0.2126180324	0.9488099908	0.6497816594	0.9986577181	0.9986577181
435	0.9734463778	0.2121816381	0.9494766253	0.6529179465	0.9986577181	0.9986577181
436	0.9738776833	0.2118686897	0.9496907053	0.6539306105	0.9993288591	0.9993288591
437	0.9741008946	0.2114686114	0.9501153213	0.6559471366	0.9993288591	0.9993288591
438	0.9741327903	0.2110872744	0.9501760117	0.6562362274	0.9993288591	0.9993288591
439	0.9744199455	0.2107886755	0.9507225747	0.6588495575	0.9993288591	0.9993288591
440	0.9747711429	0.2101405768	0.9513914506	0.662072032	0.9993288591	0.9993288591
441	0.974866968	0.2097153941	0.9515740347	0.6629563669	0.9993288591	0.9993288591
442	0.9750267183	0.20928684	0.9518784973	0.6644355199	0.9993288591	0.9993288591
443	0.9752184878	0.2089110467	0.9522441097	0.6662192394	0.9993288591	0.9993288591
444	0.9754423142	0.2083034227	0.9526710126	0.6683123878	0.9993288591	0.9993288591
445	0.9756662434	0.2079255403	0.9530982984	0.6704187303	0.9993288591	0.9993288591
446	0.9756982417	0.2076124816	0.9531593705	0.6707207207	0.9993288591	0.9993288591
447	0.97601834	0.2070633308	0.9537705225	0.6737556561	0.9993288591	0.9993288591
448	0.9759863207	0.206584591	0.9537093721	0.6734509272	0.9993288591	0.9993288591
449	0.9761464381	0.2062605344	0.9540152028	0.6749773345	0.9993288591	0.9993288591
450	0.9760823848	0.2058927838	0.953892847	0.674365942	0.9993288591	0.9993288591
451	0.9762104997	0.2054109227	0.9541375901	0.6755898367	0.9993288591	0.9993288591
452	0.9761784679	0.2048972779	0.9540763925	0.6752834467	0.9993288591	0.9993288591
453	0.976306608	0.204429545	0.9543212298	0.676510677	0.9993288591	0.9993288591
454	0.9763706907	0.2039314484	0.9544436956	0.6771259663	0.9993288591	0.9993288591
455	0.9765629893	0.2036771207	0.9548112816	0.6789785682	0.9993288591	0.9993288591
456	0.9767874334	0.2033129553	0.9552404899	0.6811527905	0.9993288591	0.9993288591
457	0.9771082469	0.2029115567	0.9558543144	0.6842830882	0.9993288591	0.9993288591
458	0.9773008361	0.2025491081	0.956222988	0.6861751152	0.9993288591	0.9993288591
459	0.9774935013	0.2019903927	0.956591946	0.688077634	0.9993288591	0.9993288591
460	0.9773650494	0.2015947525	0.9563459423	0.6868081181	0.9993288591	0.9993288591
461	0.9775898624	0.2011711818	0.9567765318	0.6890328552	0.9993288591	0.9993288591
462	0.9779112032	0.2004732024	0.9573923326	0.6922361692	0.9993288591	0.9993288591
463	0.9779433489	0.2001269128	0.9574539563	0.6925581395	0.9993288591	0.9993288591
464	0.9781041091	0.1995551921	0.9577621938	0.6941724942	0.9993288591	0.9993288591
465	0.9783614355	0.1988581286	0.9582557867	0.6967711745	0.9993288591	0.9993288591
466	0.9785545191	0.1982849941	0.9586263155	0.6987329892	0.9993288591	0.9993288591
467	0.9786510895	0.1978845625	0.9588116873	0.6997180451	0.9993288591	0.9993288591
468	0.9786510895	0.1976517205	0.9588116873	0.6997180451	0.9993288591	0.9993288591
469	0.9785867071	0.1972260669	0.9586880981	0.6990610329	0.9993288591	0.9993288591
470	0.978940915	0.1967385113	0.9593682332	0.7026899481	0.9993288591	0.9993288591
471	0.979005344	0.1964055621	0.9594919978	0.7033538026	0.9993288591	0.9993288591
472	0.9792953795	0.1958177367	0.960049334	0.7063567362	0.9993288591	0.9993288591
473	0.9793920962	0.19530125	0.9602352566	0.7073634204	0.9993288591	0.9993288591
474	0.9795855869	0.1948497733	0.960607318	0.7093854216	0.9993288591	0.9993288591
475	0.9795855869	0.1945166808	0.960607318	0.7093854216	0.9993288591	0.9993288591
476	0.9796823609	0.1942146117	0.9607934569	0.7104007634	0.9993288591	0.9993288591
477	0.9797468875	0.1937774857	0.9609175895	0.7110792741	0.9993288591	0.9993288591
478	0.9799405184	0.1932931038	0.96129018	0.7131226054	0.9993288591	0.9993288591
479	0.9799727977	0.1930476518	0.9613523065	0.7134643028	0.9993288591	0.9993288591
480	0.9800373626	0.1926658532	0.9614765836	0.7141486811	0.9993288591	0.9993288591
481	0.9802957073	0.192348059	0.9619740134	0.7168993741	0.9993288591	0.9993288591
482	0.9803603147	0.1918661258	0.9620984513	0.7175903614	0.9993288591	0.9993288591
483	0.9804249307	0.1915673658	0.9622229214	0.7182826821	0.9993288591	0.9993288591
484	0.9804895552	0.1910082578	0.9623474238	0.7189763399	0.9993288591	0.9993288591
485	0.9803926217	0.1906760496	0.9621606824	0.7179363549	0.9993288591	0.9993288591
486	0.9806188298	0.1901622392	0.9625965251	0.7203676826	0.9993288591	0.9993288591
487	0.9806188298	0.189948138	0.9625965251	0.7203676826	0.9993288591	0.9993288591
488	0.980715808	0.1894037282	0.9627834357	0.7214147287	0.9993288591	0.9993288591
489	0.981006858	0.188845171	0.9633446033	0.7245742092	0.9993288591	0.9993288591
490	0.9809745106	0.1884859423	0.963282219	0.7242217899	0.9993288591	0.9993288591
491	0.9808128055	0.1880744816	0.9629704189	0.7224648229	0.9993288591	0.9993288591
492	0.9807481384	0.1877011873	0.9628457553	0.7217644207	0.9993288591	0.9993288591
493	0.9809421653	0.1872791887	0.9632198429	0.7238697132	0.9993288591	0.9993288591
494	0.9813628204	0.1868668479	0.9640313639	0.7284735812	0.9993288591	0.9993288591
495	0.9812980808	0.1865408527	0.9639064255	0.7277614858	0.9993288591	0.9993288591
496	0.9813628204	0.1863897153	0.9640313639	0.7284735812	0.9993288591	0.9993288591
497	0.981136269	0.1859380349	0.9635942212	0.7259873233	0.9993288591	0.9993288591
498	0.9812657142	0.185663775	0.9638439684	0.7274059599	0.9993288591	0.9993288591
499	0.9810715592	0.1853335506	0.9634693961	0.7252800779	0.9993288591	0.9993288591
500	0.9814599459	0.184820811	0.9642188322	0.729544341	0.9993288591	0.9993288591
501	0.9814923254	0.1844330249	0.9642813378	0.7299019608	0.9993288591	0.9993288591
502	0.9818810453	0.1839829911	0.9650320381	0.7342209073	0.9993288591	0.9993288591
503	0.9819782735	0.1835450321	0.9652198958	0.735308642	0.9993288591	0.9993288591
504	0.9820755208	0.1832412991	0.9654078267	0.7363996044	0.9993288591	0.9993288591
505	0.9822700733	0.1827470661	0.9657839081	0.7385912698	0.9993288591	0.9993288591
506	0.9825620467	0.1822904618	0.9663485799	0.7419033383	0.9993288591	0.9993288591
507	0.9826918684	0.1818221043	0.9665997571	0.7433849226	0.9993288591	0.9993288591
508	0.9827243291	0.181491635	0.9666625719	0.7437562438	0.9993288591	0.9993288591
509	0.9829840926	0.1809032211	0.9671653837	0.7467402207	0.9993288591	0.9993288591
510	0.9832114983	0.1804023575	0.9676057733	0.7493709109	0.9993288591	0.9993288591
511	0.98330899	0.1801294746	0.9677946345	0.7505040323	0.9993288591	0.9993288591
512	0.9834065012	0.1797007581	0.9679835694	0.7516405856	0.9993288591	0.9993288591
513	0.9835690627	0.1793403975	0.9682986249	0.7535425101	0.9993288591	0.9993288591
514	0.9837967391	0.178926833	0.9687400474	0.7562214322	0.9993288591	0.9993288591
515	0.9836991506	0.1785356985	0.9685508171	0.7550709939	0.9993288591	0.9993288591
516	0.983829273	0.1781431569	0.9688031406	0.7566056911	0.9993288591	0.9993288591
517	0.9839268873	0.1775964262	0.9689924696	0.7577608142	0.9993288591	0.9993288591
518	0.9840570699	0.1773403072	0.9692450233	0.7593064763	0.9993288591	0.9993288591
519	0.9841221741	0.1770988057	0.9693713495	0.7600816743	0.9993288591	0.9993288591
520	0.9843175385	0.1768024212	0.9697505259	0.7624167947	0.9993288591	0.9993288591
521	0.9842849724	0.1765146519	0.9696873093	0.7620266121	0.9993288591	0.9993288591
522	0.9842524084	0.1763648419	0.9696241008	0.7616368286	0.9993288591	0.9993288591
523	0.9846433182	0.1757415737	0.9703831462	0.7663407102	0.9993288591	0.9993288591
524	0.9846433182	0.1755450768	0.9703831462	0.7663407102	0.9993288591	0.9993288591
525	0.9847410941	0.1751613116	0.9705730932	0.7675257732	0.9993288591	0.9993288591
526	0.9847085	0.1747039922	0.9705097693	0.7671303452	0.9993288591	0.9993288591
527	0.9847736904	0.1743626454	0.9706364254	0.7679216091	0.9993288591	0.9993288591
528	0.9848388895	0.173951701	0.9707631147	0.768714507	0.9993288591	0.9993288591
529	0.9849040972	0.1734613363	0.970889837	0.7695090439	0.9993288591	0.9993288591
530	0.9849040972	0.1731058095	0.970889837	0.7695090439	0.9993288591	0.9993288591
531	0.985001925	0.1725802128	0.9710799825	0.7707039337	0.9993288591	0.9993288591
532	0.9850671543	0.1722258313	0.9712067875	0.7715025907	0.9993288591	0.9993288591
533	0.9851650144	0.1719449933	0.9713970572	0.7727036845	0.9993288591	0.9993288591
534	0.9852955249	0.171572594	0.9716508661	0.7743109724	0.9993288591	0.9993288591
535	0.9854260699	0.1712709889	0.9719048076	0.7759249609	0.9993288591	0.9993288591
536	0.9853934304	0.1708848751	0.9718413098	0.7755208333	0.9993288591	0.9993288591
537	0.9854913554	0.1706398068	0.9720318282	0.776734481	0.9993288591	0.9993288591
538	0.9855892999	0.1702246521	0.9722224213	0.7779519331	0.9993288591	0.9993288591
539	0.985654607	0.1699409437	0.9723495249	0.7787656904	0.9993288591	0.9993288591
540	0.9855566496	0.1696729376	0.972158882	0.7775456919	0.9993288591	0.9993288591
541	0.9856872638	0.1693132427	0.9724130892	0.7791732077	0.9993288591	0.9993288591
542	0.9856219524	0.1689620796	0.972285969	0.7783585991	0.9993288591	0.9993288591
543	0.9855566496	0.1686870112	0.972158882	0.7775456919	0.9993288591	0.9993288591
544	0.9856219524	0.1682311506	0.972285969	0.7783585991	0.9993288591	0.9993288591
545	0.9855566496	0.1680022203	0.972158882	0.7775456919	0.9993288591	0.9993288591
546	0.9857525839	0.1677026547	0.9725402426	0.7799895233	0.9993288591	0.9993288591
547	0.985654607	0.1673381131	0.9723495249	0.7787656904	0.9993288591	0.9993288591
548	0.9857199228	0.1670861134	0.9724766618	0.7795811518	0.9993288591	0.9993288591
549	0.9859159221	0.1665790574	0.9728582718	0.7820378151	0.9993288591	0.9993288591
550	0.9860139509	0.1661846398	0.9730491892	0.7832719621	0.9993288591	0.9993288591
551	0.9859812725	0.1658932403	0.9729855418	0.7828601472	0.9993288591	0.9993288591
552	0.9861119993	0.165572931	0.9732401815	0.7845100105	0.9993288591	0.9993288591
553	0.9861119993	0.1652249876	0.9732401815	0.7845100105	0.9993288591	0.9993288591
554	0.9862100672	0.1649213572	0.9734312488	0.7857519789	0.9993288591	0.9993288591
555	0.9864389681	0.1645638171	0.9738773644	0.7886652542	0.9993288591	0.9993288591
556	0.9865043879	0.1642027322	0.9740049012	0.7895015907	0.9993288591	0.9993288591
557	0.9866352535	0.1637818639	0.9742600748	0.7911795962	0.9993288591	0.9993288591
558	0.9866025338	0.1634725398	0.9741962689	0.7907594264	0.9993288591	0.9993288591
559	0.9866679753	0.1632610972	0.9743238891	0.7916002127	0.9993288591	0.9993288591
560	0.9867006993	0.162935286	0.9743877118	0.7920212766	0.9993288591	0.9993288591
561	0.9867006993	0.1626328583	0.9743877118	0.7920212766	0.9993288591	0.9993288591
562	0.9867988843	0.1622692232	0.97457923	0.7932871604	0.9993288591	0.9993288591
563	0.986929828	0.1620497336	0.9748347047	0.7949813134	0.9993288591	0.9993288591
564	0.9869953129	0.161697773	0.9749624923	0.7958311064	0.9993288591	0.9993288591
565	0.9873556353	0.1613217751	0.9756659234	0.8005376344	0.9993288591	0.9993288591
566	0.9876506402	0.1610932439	0.9762422134	0.8044300378	0.9993288591	0.9993288591
567	0.9876834294	0.1606677574	0.9763062876	0.8048648649	0.9993288591	0.9993288591
568	0.9878802104	0.1602311834	0.9766909098	0.807483731	0.9993288591	0.9993288591
569	0.9878474082	0.1597905174	0.976626785	0.8070460705	0.9993288591	0.9993288591
570	0.9879130149	0.1595527855	0.9767550429	0.8079218665	0.9993288591	0.9993288591
571	0.9879786303	0.1592768627	0.9768833345	0.8087995655	0.9993288591	0.9993288591
572	0.9879786303	0.1591018	0.9768833345	0.8087995655	0.9993288591	0.9993288591
573	0.9879130149	0.15858075	0.9767550429	0.8079218665	0.9993288591	0.9993288591
574	0.9882411793	0.15811483	0.9773968381	0.8123295145	0.9993288591	0.9993288591
575	0.9882740077	0.1577590001	0.977461064	0.8127729258	0.9993288591	0.9993288591
576	0.9884710241	0.1574506698	0.9778465967	0.8154435926	0.9993288591	0.9993288591
577	0.9885367137	0.1571570992	0.9779751752	0.8163377193	0.9993288591	0.9993288591
578	0.9886024121	0.1570166039	0.9781037876	0.817233809	0.9993288591	0.9993288591
579	0.9886681191	0.1566511307	0.9782324337	0.8181318681	0.9993288591	0.9993288591
580	0.9887995594	0.1562615056	0.9784898276	0.8199339207	0.9993288591	0.9993288591
581	0.988832425	0.1559441367	0.9785541972	0.8203856749	0.9993288591	0.9993288591
582	0.9888652927	0.1554454995	0.9786185753	0.8208379272	0.9993288591	0.9993288591
583	0.9888652927	0.1550503211	0.9786185753	0.8208379272	0.9993288591	0.9993288591
584	0.9888981626	0.1547490776	0.9786829619	0.8212906784	0.9993288591	0.9993288591
585	0.9888981626	0.1542236685	0.9786829619	0.8212906784	0.9993288591	0.9993288591
586	0.9889310347	0.1539443232	0.9787473569	0.8217439294	0.9993288591	0.9993288591
587	0.9888981626	0.1534760356	0.9786829619	0.8212906784	0.9993288591	0.9993288591
588	0.9890296641	0.1531908867	0.9789405929	0.8231066888	0.9993288591	0.9993288591
589	0.9891612006	0.1527664508	0.9791983596	0.8249307479	0.9993288591	0.9993288591
590	0.9891940902	0.1525885137	0.9792628225	0.8253880266	0.9993288591	0.9993288591
591	0.9892598759	0.1522420782	0.9793917738	0.8263041065	0.9993288591	0.9993288591
592	0.989226982	0.1512951595	0.9793272939	0.8258458125	0.9993288591	0.9993288591
593	0.9891940902	0.1511147074	0.9792628225	0.8253880266	0.9993288591	0.9993288591
594	0.989226982	0.1508781892	0.9793272939	0.8258458125	0.9993288591	0.9993288591
595	0.9892927721	0.1505075173	0.9794562621	0.8267629095	0.9993288591	0.9993288591
596	0.9896613165	0.1501220944	0.9795342221	0.8273181566	1	1
597	0.9896284179	0.1498524946	0.9794697668	0.8268590455	1	1
598	0.9895955215	0.1494384348	0.9794053199	0.8264004437	1	1
599	0.9895626273	0.1491436918	0.9793408816	0.8259423503	1	1
600	0.9896284179	0.1487782191	0.9794697668	0.8268590455	1	1
601	0.9897600253	0.1484855603	0.9797276391	0.8286985539	1	1
602	0.9897600253	0.1482556884	0.9797276391	0.8286985539	1	1
603	0.9897929326	0.1480715766	0.9797921284	0.8291597106	1	1
604	0.9897600253	0.1478564989	0.9797276391	0.8286985539	1	1
605	0.9898916677	0.1476826089	0.9799856472	0.8305462653	1	1
606	0.9899575021	0.1473915318	0.9801147022	0.8314732143	1	1
607	0.9899245838	0.1471657253	0.9800501704	0.8310094813	1	1
608	0.9901221262	0.1467649802	0.9804374884	0.8337996642	1	1
609	0.9901221262	0.1464881001	0.9804374884	0.8337996642	1	1
610	0.990253865	0.1460836594	0.9806958706	0.8356702187	1	1
611	0.990253865	0.1458802724	0.9806958706	0.8356702187	1	1
612	0.9903197475	0.1456646792	0.9808251127	0.8366086468	1	1
613	0.9902868051	0.1452642835	0.9807604874	0.8361391695	1	1
614	0.9903856388	0.1449200523	0.980954389	0.8375491849	1	1
615	0.9903197475	0.14460461	0.9808251127	0.8366086468	1	1
616	0.9903856388	0.144257796	0.980954389	0.8375491849	1	1
617	0.990352692	0.144004393	0.9808897466	0.8370786517	1	1
618	0.9903856388	0.1436315486	0.980954389	0.8375491849	1	1
619	0.9905174477	0.1433519057	0.9812130437	0.8394366197	1	1
620	0.9903856388	0.1430277464	0.980954389	0.8375491849	1	1
621	0.9905174477	0.1427649889	0.9812130437	0.8394366197	1	1
622	0.9906822581	0.1424403839	0.9815365539	0.8418079096	1	1
623	0.990814146	0.1420589057	0.9817955157	0.8437146093	1	1
624	0.9907811707	0.1416560481	0.9817307625	0.8432371251	1	1
625	0.9908471235	0.1414125478	0.9818602776	0.8441926346	1	1
626	0.9907481977	0.141124998	0.9816660178	0.842760181	1	1
627	0.9907811707	0.1408505111	0.9817307625	0.8432371251	1	1
628	0.9908801031	0.1405129304	0.9819250479	0.8446712018	1	1
629	0.990913085	0.1403112218	0.9819898268	0.845150312	1	1
630	0.990946069	0.1400523324	0.9820546143	0.8456299659	1	1
631	0.990946069	0.1396897685	0.9820546143	0.8456299659	1	1
632	0.9908801031	0.1393762758	0.9819250479	0.8446712018	1	1
633	0.990913085	0.1389571994	0.9819898268	0.845150312	1	1
634	0.9909790552	0.1386302393	0.9821194103	0.8461101647	1	1
635	0.9910120437	0.1383107099	0.9821842148	0.8465909091	1	1
636	0.9910450343	0.1380403959	0.9822490279	0.8470722001	1	1
637	0.9912100204	0.137703288	0.9825732218	0.8494868871	1	1
638	0.9911770188	0.1375674916	0.9825083659	0.849002849	1	1
639	0.9913090384	0.1373399725	0.9827678408	0.8509423187	1	1
640	0.9912430242	0.1369786409	0.9826380862	0.8499714775	1	1
641	0.9913750614	0.1366422553	0.9828976297	0.8519153802	1	1
642	0.9913420488	0.1363771864	0.982832731	0.8514285714	1	1
643	0.9914080762	0.1360483706	0.982962537	0.852402746	1	1
644	0.9914080762	0.1356036487	0.982962537	0.852402746	1	1
645	0.9915071338	0.1353171749	0.9831573103	0.8538681948	1	1
646	0.9916062112	0.1349789629	0.9833521609	0.8553386912	1	1
647	0.9916062112	0.134717599	0.9833521609	0.8553386912	1	1
648	0.9917713842	0.134482884	0.9836770834	0.857800806	1	1
649	0.9919696645	0.1342318856	0.9840672741	0.860774119	1	1
650	0.9918705144	0.133954022	0.9838721401	0.8592848904	1	1
651	0.9919035622	0.1337799424	0.9839371762	0.8597807271	1	1
652	0.9920357755	0.1335291987	0.9841974064	0.8617698091	1	1
653	0.9920357755	0.1333655166	0.9841974064	0.8617698091	1	1
654	0.9920357755	0.1330080819	0.9841974064	0.8617698091	1	1
655	0.9920688343	0.1328561263	0.9842624855	0.8622685185	1	1
656	0.9921018954	0.1325298364	0.9843275732	0.8627678054	1	1
657	0.992168024	0.1323113719	0.9844577744	0.8637681159	1	1
658	0.992168024	0.1321172677	0.9844577744	0.8637681159	1	1
659	0.9922341615	0.131834105	0.9845880101	0.8647707487	1	1
660	0.9922341615	0.1315722304	0.9845880101	0.8647707487	1	1
661	0.9923003078	0.1313383292	0.9847182802	0.8657757118	1	1
662	0.9924657122	0.1310221675	0.9850441063	0.8682983683	1	1
663	0.9924326269	0.1307763385	0.9849789238	0.8677926616	1	1
664	0.9925980753	0.1304355371	0.9853049225	0.8703271028	1	1
665	0.9926642702	0.1301215802	0.9854353824	0.8713450292	1	1
666	0.9926642702	0.1298208855	0.9854353824	0.8713450292	1	1
667	0.9926642702	0.1295144803	0.9854353824	0.8713450292	1	1
668	0.992763579	0.1292325213	0.9856311371	0.8728763913	1	1
669	0.992763579	0.1290397712	0.9856311371	0.8728763913	1	1
670	0.9927304738	0.1288077685	0.9855658769	0.8723653396	1	1
671	0.9928297959	0.1286296504	0.9857616834	0.8739002933	1	1
672	0.9927966863	0.1283408557	0.9856964059	0.8733880422	1	1
673	0.9927966863	0.1279793543	0.9856964059	0.8733880422	1	1
674	0.9929291378	0.127736253	0.9859575677	0.875440658	1	1
675	0.9928629076	0.127492837	0.9858269695	0.8744131455	1	1
676	0.9928960216	0.1272624146	0.9858922643	0.8749266001	1	1
677	0.9930284996	0.1269053869	0.9861535299	0.8769864626	1	1
678	0.9930947519	0.1266321154	0.9862842146	0.8780200354	1	1
679	0.9931610129	0.1262782933	0.986414934	0.8790560472	1	1
680	0.9931941468	0.1260324401	0.9864803067	0.8795749705	1	1
681	0.9931278813	0.1256837795	0.98634957	0.8785377358	1	1
682	0.9931610129	0.1254863015	0.986414934	0.8790560472	1	1
683	0.9931941468	0.1251588835	0.9864803067	0.8795749705	1	1
684	0.9931610129	0.1248521516	0.986414934	0.8790560472	1	1
685	0.9931610129	0.1246764623	0.986414934	0.8790560472	1	1
686	0.9932272829	0.124424779	0.986545688	0.8800945068	1	1
687	0.9933598493	0.1241081011	0.9868073001	0.882178804	1	1
688	0.9933929964	0.1239397181	0.9868727248	0.8827014218	1	1
689	0.9934924511	0.1236282564	0.987069051	0.884272997	1	1
690	0.9935256071	0.1234154298	0.9871345104	0.8847980998	1	1
691	0.9935919257	0.1232149696	0.9872654553	0.8858501784	1	1
692	0.9936250883	0.1231179584	0.9873309407	0.8863771565	1	1
693	0.9935587653	0.1227827177	0.9871999785	0.8853238265	1	1
694	0.9935587653	0.1225150868	0.9871999785	0.8853238265	1	1
695	0.9936582531	0.1222935113	0.9873964349	0.8869047619	1	1
696	0.9936914202	0.1220345065	0.9874619377	0.8874329958	1	1
697	0.9936582531	0.1218184262	0.9873964349	0.8869047619	1	1
698	0.9936582531	0.1216361198	0.9873964349	0.8869047619	1	1
699	0.9937245895	0.1214189819	0.9875274493	0.8879618594	1	1
700	0.9937577609	0.1210961109	0.9875929695	0.8884913536	1	1
701	0.9937577609	0.1208314906	0.9875929695	0.8884913536	1	1
702	0.9938241105	0.1205742886	0.9877240361	0.8895522388	1	1
703	0.9938241105	0.1202950991	0.9877240361	0.8895522388	1	1
704	0.9937909346	0.1200859612	0.9876584984	0.8890214797	1	1
705	0.993890469	0.1198221729	0.9878551374	0.8906156605	1	1
706	0.9938241105	0.119586485	0.9877240361	0.8895522388	1	1
707	0.993890469	0.1193159628	0.9878551374	0.8906156605	1	1
708	0.9941227934	0.1189688778	0.9883142663	0.8943577431	1	1
709	0.9941227934	0.118713616	0.9883142663	0.8943577431	1	1
710	0.9940564039	0.1186018519	0.9881830431	0.8932853717	1	1
711	0.9941891918	0.1182008271	0.9884455244	0.8954326923	1	1
712	0.9941891918	0.1180400089	0.9884455244	0.8954326923	1	1
713	0.9941559915	0.1177485598	0.988379891	0.8948948949	1	1
714	0.994255599	0.1175833992	0.9885768173	0.8965102286	1	1
715	0.9942888059	0.1173855015	0.9886424769	0.8970499699	1	1
716	0.994255599	0.1171717737	0.9885768173	0.8965102286	1	1
717	0.994255599	0.1170300079	0.9885768173	0.8965102286	1	1
718	0.9943884401	0.1168150341	0.9888395079	0.8986731001	1	1
719	0.9944880942	0.1166272465	0.9890366174	0.9003021148	1	1
720	0.9944880942	0.1163703084	0.9890366174	0.9003021148	1	1
721	0.9945877682	0.1161609972	0.9892338056	0.901937046	1	1
722	0.9947871763	0.1159185057	0.9896284179	0.9052247874	1	1
723	0.9947539361	0.1156528926	0.9895626273	0.904675167	1	1
724	0.9947871763	0.1155396697	0.9896284179	0.9052247874	1	1
725	0.9947871763	0.1153347943	0.9896284179	0.9052247874	1	1
726	0.9949534108	0.1151176505	0.9899575021	0.9079829372	1	1
727	0.9949866644	0.1148713332	0.9900233451	0.9085365854	1	1
728	0.9950199202	0.114645218	0.990089197	0.9090909091	1	1
729	0.9950864385	0.1144321429	0.990220927	0.9102015883	1	1
730	0.9950864385	0.1143096975	0.990220927	0.9102015883	1	1
731	0.9951529656	0.1140562098	0.990352692	0.9113149847	1	1
732	0.9950531782	0.113806602	0.9901550576	0.9096459096	1	1
733	0.9951529656	0.113554765	0.990352692	0.9113149847	1	1
734	0.9952195016	0.1133183804	0.9904844922	0.9124311084	1	1
735	0.9952195016	0.1132045721	0.9904844922	0.9124311084	1	1
736	0.995252773	0.1129320703	0.9905504054	0.9129901961	1	1
737	0.9953858807	0.1126674695	0.990814146	0.9152334152	1	1
738	0.9954191632	0.112497133	0.9908801031	0.9157959435	1	1
739	0.9953858807	0.1123386408	0.990814146	0.9152334152	1	1
740	0.9954191632	0.1122489319	0.9908801031	0.9157959435	1	1
741	0.9953858807	0.1121225976	0.990814146	0.9152334152	1	1
742	0.9954524479	0.1117631697	0.990946069	0.9163591636	1	1
743	0.9954524479	0.1115905518	0.990946069	0.9163591636	1	1
744	0.9954857348	0.1113353804	0.9910120437	0.9169230769	1	1
745	0.9954857348	0.111224311	0.9910120437	0.9169230769	1	1
746	0.9956189048	0.1111006914	0.9912760302	0.9191856878	1	1
747	0.9956522029	0.1108730664	0.9913420488	0.9197530864	1	1
748	0.9956855032	0.1107221802	0.9914080762	0.9203211859	1	1
749	0.9957188057	0.110594573	0.9914741124	0.9208899876	1	1
750	0.9957521105	0.1104054548	0.9915401574	0.9214594929	1	1
751	0.9957854174	0.1102059007	0.9916062112	0.922029703	1	1
752	0.9958187267	0.109975839	0.9916722738	0.9226006192	1	1
753	0.9958187267	0.1097401165	0.9916722738	0.9226006192	1	1
754	0.9958853518	0.1095187825	0.9918044254	0.9237445753	1	1
755	0.9958187267	0.1093239061	0.9916722738	0.9226006192	1	1
756	0.9958520381	0.1092185483	0.9917383452	0.9231722429	1	1
757	0.9957854174	0.1090798087	0.9916062112	0.922029703	1	1
758	0.9958520381	0.1089495842	0.9917383452	0.9231722429	1	1
759	0.9958187267	0.1087965309	0.9916722738	0.9226006192	1	1
760	0.9959186677	0.108553758	0.9918705144	0.9243176179	1	1
761	0.9959186677	0.1083746176	0.9918705144	0.9243176179	1	1
762	0.9959519858	0.108149485	0.9919366123	0.9248913718	1	1
763	0.9959853061	0.1079499677	0.9920027189	0.9254658385	1	1
764	0.9959519858	0.1077546546	0.9919366123	0.9248913718	1	1
765	0.9959519858	0.1076403701	0.9919366123	0.9248913718	1	1
766	0.9960186287	0.1073812765	0.9920688343	0.9260410193	1	1
767	0.9960186287	0.1071065989	0.9920688343	0.9260410193	1	1
768	0.9959853061	0.1069733428	0.9920027189	0.9254658385	1	1
769	0.9960852806	0.1067651183	0.9922010917	0.9271935283	1	1
770	0.9960852806	0.106469567	0.9922010917	0.9271935283	1	1
771	0.9960519535	0.1062292416	0.9921349586	0.9266169154	1	1
772	0.9960519535	0.1060519099	0.9921349586	0.9266169154	1	1
773	0.9960519535	0.1058911341	0.9921349586	0.9266169154	1	1
774	0.9960519535	0.1056858794	0.9921349586	0.9266169154	1	1
775	0.9961186098	0.1054890172	0.9922672336	0.9277708593	1	1
776	0.9962519492	0.1053090667	0.9925318893	0.9300873908	1	1
777	0.9963186323	0.1050900524	0.9926642702	0.93125	1	1
778	0.9962852897	0.1047607197	0.9925980753	0.9306683323	1	1
779	0.9962852897	0.1045834095	0.9925980753	0.9306683323	1	1
780	0.9963186323	0.1043578429	0.9926642702	0.93125	1	1
781	0.9963853243	0.1041125481	0.9927966863	0.9324155194	1	1
782	0.9964520253	0.1038113725	0.9929291378	0.9335839599	1	1
783	0.9964520253	0.1036806651	0.9929291378	0.9335839599	1	1
784	0.9964853791	0.1035546789	0.9929953768	0.934169279	1	1
785	0.9965187352	0.1034012727	0.9930616246	0.9347553325	1	1
786	0.9964520253	0.1033004749	0.9929291378	0.9335839599	1	1
787	0.9965187352	0.1031328772	0.9930616246	0.9347553325	1	1
788	0.9965187352	0.1029700368	0.9930616246	0.9347553325	1	1
789	0.9965520934	0.1028165163	0.9931278813	0.9353421218	1	1
790	0.9965520934	0.102658242	0.9931278813	0.9353421218	1	1
791	0.9966521817	0.1024837025	0.9933267044	0.9371069182	1	1
792	0.9966521817	0.1023224259	0.9933267044	0.9371069182	1	1
793	0.9966188167	0.1020713946	0.9932604212	0.9365179133	1	1
794	0.9966855489	0.1018450484	0.9933929964	0.9376966646	1	1
795	0.9967522901	0.1017110333	0.9935256071	0.9388783869	1	1
796	0.9967522901	0.1015042695	0.9935256071	0.9388783869	1	1
797	0.9968190401	0.1013291451	0.9936582531	0.9400630915	1	1
798	0.9968524185	0.1010733425	0.9937245895	0.9406565657	1	1
799	0.9968524185	0.1008204917	0.9937245895	0.9406565657	1	1
800	0.9968190401	0.1006471072	0.9936582531	0.9400630915	1	1
801	0.996919182	0.1004174669	0.9938572887	0.9418457649	1	1
802	0.9969859545	0.1002985955	0.9939900233	0.9430379747	1	1
803	0.996919182	0.09989806325	0.9938572887	0.9418457649	1	1
804	0.9970527359	0.09970512244	0.9941227934	0.9442332066	1	1
805	0.9970527359	0.09963050161	0.9941227934	0.9442332066	1	1
806	0.9970527359	0.09942744496	0.9941227934	0.9442332066	1	1
807	0.9970861299	0.09922029359	0.9941891918	0.9448319594	1	1
808	0.9970527359	0.09901854546	0.9941227934	0.9442332066	1	1
809	0.9970861299	0.09886008464	0.9941891918	0.9448319594	1	1
810	0.9970861299	0.09866452516	0.9941891918	0.9448319594	1	1
811	0.9971195262	0.09849935521	0.994255599	0.9454314721	1	1
812	0.9972531337	0.09829444225	0.9945213166	0.9478371501	1	1
813	0.9973199509	0.09809166828	0.9946542287	0.949044586	1	1
814	0.9972865412	0.0978607001	0.9945877682	0.9484404838	1	1
815	0.9972531337	0.09766090555	0.9945213166	0.9478371501	1	1
816	0.9972531337	0.09757382789	0.9945213166	0.9478371501	1	1
817	0.9972865412	0.09734260773	0.9945877682	0.9484404838	1	1
818	0.9973533628	0.09714542091	0.9947206981	0.9496494583	1	1
819	0.9973199509	0.09695604972	0.9946542287	0.949044586	1	1
820	0.9972531337	0.09685902665	0.9945213166	0.9478371501	1	1
821	0.9972531337	0.09666789092	0.9945213166	0.9478371501	1	1
822	0.9972531337	0.096457018	0.9945213166	0.9478371501	1	1
823	0.9972531337	0.09626115252	0.9945213166	0.9478371501	1	1
824	0.9972865412	0.09603834716	0.9945877682	0.9484404838	1	1
825	0.9973199509	0.09588002438	0.9946542287	0.949044586	1	1
826	0.9973199509	0.09570787271	0.9946542287	0.949044586	1	1
827	0.9973533628	0.09558069903	0.9947206981	0.9496494583	1	1
828	0.9973199509	0.09536741321	0.9946542287	0.949044586	1	1
829	0.9974201935	0.09523739318	0.9948536635	0.9508615188	1	1
830	0.997386777	0.09515778965	0.9947871763	0.950255102	1	1
831	0.9974201935	0.09498903892	0.9948536635	0.9508615188	1	1
832	0.9974201935	0.09488692538	0.9948536635	0.9508615188	1	1
833	0.9975204562	0.09463355155	0.9950531782	0.952685422	1	1
834	0.9975204562	0.09447283272	0.9950531782	0.952685422	1	1
835	0.9975204562	0.09430412657	0.9950531782	0.952685422	1	1
836	0.9975204562	0.094223688	0.9950531782	0.952685422	1	1
837	0.9975873092	0.09396728425	0.9951862325	0.9539052497	1	1
838	0.9976541712	0.09381660314	0.9953193224	0.9551282051	1	1
839	0.9976541712	0.09365919135	0.9953193224	0.9551282051	1	1
840	0.9976541712	0.09354087152	0.9953193224	0.9551282051	1	1
841	0.9976541712	0.09335288162	0.9953193224	0.9551282051	1	1
842	0.9976541712	0.09319695708	0.9953193224	0.9551282051	1	1
843	0.9977544809	0.09303869503	0.995519024	0.9569685292	1	1
844	0.9977544809	0.09287022318	0.995519024	0.9569685292	1	1
845	0.9977544809	0.09269929671	0.995519024	0.9569685292	1	1
846	0.9977544809	0.09257734304	0.995519024	0.9569685292	1	1
847	0.9977544809	0.09232726188	0.995519024	0.9569685292	1	1
848	0.9977544809	0.09220623026	0.995519024	0.9569685292	1	1
849	0.9977544809	0.09203748904	0.995519024	0.9569685292	1	1
850	0.9977544809	0.09192891307	0.995519024	0.9569685292	1	1
851	0.9977210421	0.09178411139	0.9954524479	0.9563543004	1	1
852	0.997787922	0.09155381419	0.995585609	0.9575835476	1	1
853	0.9977210421	0.0914221612	0.9954524479	0.9563543004	1	1
854	0.9977210421	0.09134067147	0.9954524479	0.9563543004	1	1
855	0.9977210421	0.09121567073	0.9954524479	0.9563543004	1	1
856	0.9977544809	0.09101997502	0.995519024	0.9569685292	1	1
857	0.9977544809	0.09087428768	0.995519024	0.9569685292	1	1
858	0.9978548109	0.09062485612	0.9957188057	0.9588159588	1	1
859	0.9978882587	0.09044978413	0.9957854174	0.9594333548	1	1
860	0.9978213653	0.09026716176	0.9956522029	0.9581993569	1	1
861	0.9978213653	0.09007962647	0.9956522029	0.9581993569	1	1
862	0.9978882587	0.08991141245	0.9957854174	0.9594333548	1	1
863	0.9978548109	0.08984506251	0.9957188057	0.9588159588	1	1
864	0.9978882587	0.08960361089	0.9957854174	0.9594333548	1	1
865	0.9979217087	0.08951677844	0.9958520381	0.9600515464	1	1
866	0.997955161	0.08931706581	0.9959186677	0.9606705351	1	1
867	0.997955161	0.08913776432	0.9959186677	0.9606705351	1	1
868	0.9978882587	0.08893544999	0.9957854174	0.9594333548	1	1
869	0.9979217087	0.08874595755	0.9958520381	0.9600515464	1	1
870	0.9979217087	0.0886330534	0.9958520381	0.9600515464	1	1
871	0.9979217087	0.08851063765	0.9958520381	0.9600515464	1	1
872	0.9979886155	0.08833631318	0.9959853061	0.9612903226	1	1
873	0.9980220723	0.08821618658	0.9960519535	0.9619109103	1	1
874	0.9979886155	0.08799639939	0.9959853061	0.9612903226	1	1
875	0.997955161	0.08782259416	0.9959186677	0.9606705351	1	1
876	0.9980220723	0.08770743439	0.9960519535	0.9619109103	1	1
877	0.9980555313	0.08758557064	0.9961186098	0.9625322997	1	1
878	0.9980555313	0.08744606861	0.9961186098	0.9625322997	1	1
879	0.9980889926	0.0872841042	0.9961852751	0.9631544926	1	1
880	0.9980220723	0.08719579511	0.9960519535	0.9619109103	1	1
881	0.9980220723	0.0869331093	0.9960519535	0.9619109103	1	1
882	0.9980220723	0.08679826018	0.9960519535	0.9619109103	1	1
883	0.9980555313	0.08665655776	0.9961186098	0.9625322997	1	1
884	0.9981224561	0.08651869276	0.9962519492	0.9637774903	1	1
885	0.9980889926	0.08631181246	0.9961852751	0.9631544926	1	1
886	0.9981893898	0.08616138144	0.9963853243	0.9650259067	1	1
887	0.9982898072	0.08599853191	0.996585454	0.9669046074	1	1
888	0.9982898072	0.08584569412	0.996585454	0.9669046074	1	1
889	0.9983232842	0.08559793502	0.9966521817	0.9675324675	1	1
890	0.9982563325	0.08538686725	0.9965187352	0.9662775616	1	1
891	0.9982563325	0.08520244619	0.9965187352	0.9662775616	1	1
892	0.9983232842	0.08503020299	0.9966521817	0.9675324675	1	1
893	0.9983232842	0.08488419033	0.9966521817	0.9675324675	1	1
894	0.9983232842	0.08475241062	0.9966521817	0.9675324675	1	1
895	0.9983232842	0.08457374398	0.9966521817	0.9675324675	1	1
896	0.9983232842	0.08440982314	0.9966521817	0.9675324675	1	1
897	0.9983232842	0.08429498644	0.9966521817	0.9675324675	1	1
898	0.9983567634	0.08418408067	0.9967189184	0.9681611436	1	1
899	0.9983902448	0.08409325264	0.996785664	0.9687906372	1	1
900	0.9984237286	0.08389483097	0.9968524185	0.9694209499	1	1
901	0.9984572145	0.08370029109	0.996919182	0.9700520833	1	1
902	0.9984572145	0.0835331114	0.996919182	0.9700520833	1	1
903	0.9984572145	0.08334249424	0.996919182	0.9700520833	1	1
904	0.9984572145	0.08321072312	0.996919182	0.9700520833	1	1
905	0.9984572145	0.08312330819	0.996919182	0.9700520833	1	1
906	0.9984572145	0.08293107758	0.996919182	0.9700520833	1	1
907	0.9984572145	0.08281477934	0.996919182	0.9700520833	1	1
908	0.9984572145	0.08269449168	0.996919182	0.9700520833	1	1
909	0.9984572145	0.08254711117	0.996919182	0.9700520833	1	1
910	0.9984572145	0.08240958975	0.996919182	0.9700520833	1	1
911	0.9985576858	0.08222122899	0.9971195262	0.971950424	1	1
912	0.9985576858	0.08211810724	0.9971195262	0.971950424	1	1
913	0.9985911808	0.08199994985	0.9971863255	0.9725848564	1	1
914	0.9985576858	0.0817851504	0.9971195262	0.971950424	1	1
915	0.9985911808	0.0816905051	0.9971863255	0.9725848564	1	1
916	0.9985911808	0.08155349841	0.9971863255	0.9725848564	1	1
917	0.9985911808	0.08142320889	0.9971863255	0.9725848564	1	1
918	0.9986246779	0.08126637168	0.9972531337	0.9732201176	1	1
919	0.9985576858	0.08113622481	0.9971195262	0.971950424	1	1
920	0.9986581774	0.08089374325	0.9973199509	0.9738562092	1	1
921	0.9986246779	0.08077432142	0.9972531337	0.9732201176	1	1
922	0.9986581774	0.08066139632	0.9973199509	0.9738562092	1	1
923	0.998725183	0.08058299499	0.9974536121	0.9751308901	1	1
924	0.998725183	0.08040368118	0.9974536121	0.9751308901	1	1
925	0.9987586891	0.0802531763	0.9975204562	0.9757694826	1	1
926	0.998725183	0.08010987	0.9974536121	0.9751308901	1	1
927	0.9986581774	0.0799815163	0.9973199509	0.9738562092	1	1
928	0.9986581774	0.07985513139	0.9973199509	0.9738562092	1	1
929	0.9985911808	0.07971496625	0.9971863255	0.9725848564	1	1
930	0.9985911808	0.0795522697	0.9971863255	0.9725848564	1	1
931	0.9986246779	0.07940890823	0.9972531337	0.9732201176	1	1
932	0.9986246779	0.07924709225	0.9972531337	0.9732201176	1	1
933	0.9986246779	0.07912444524	0.9972531337	0.9732201176	1	1
934	0.9986246779	0.07903166463	0.9972531337	0.9732201176	1	1
935	0.9986581774	0.07885700342	0.9973199509	0.9738562092	1	1
936	0.998691679	0.07871393099	0.997386777	0.9744931328	1	1
937	0.998691679	0.07856052669	0.997386777	0.9744931328	1	1
938	0.998725183	0.07847771714	0.9974536121	0.9751308901	1	1
939	0.998725183	0.07834226797	0.9974536121	0.9751308901	1	1
940	0.998725183	0.07821561426	0.9974536121	0.9751308901	1	1
941	0.998725183	0.0779986187	0.9974536121	0.9751308901	1	1
942	0.9987586891	0.07788712466	0.9975204562	0.9757694826	1	1
943	0.998725183	0.07776387365	0.9974536121	0.9751308901	1	1
944	0.998691679	0.07760453137	0.997386777	0.9744931328	1	1
945	0.998725183	0.07748922141	0.9974536121	0.9751308901	1	1
946	0.998725183	0.07738086297	0.9974536121	0.9751308901	1	1
947	0.998725183	0.07726477555	0.9974536121	0.9751308901	1	1
948	0.9987586891	0.07713720218	0.9975204562	0.9757694826	1	1
949	0.9987921976	0.07695704454	0.9975873092	0.9764089122	1	1
950	0.9987586891	0.07678748449	0.9975204562	0.9757694826	1	1
951	0.9987586891	0.07670399986	0.9975204562	0.9757694826	1	1
952	0.9987586891	0.0766110304	0.9975204562	0.9757694826	1	1
953	0.9987921976	0.07652665694	0.9975873092	0.9764089122	1	1
954	0.9987921976	0.07641805987	0.9975873092	0.9764089122	1	1
955	0.9987921976	0.07630225548	0.9975873092	0.9764089122	1	1
956	0.9987921976	0.07619646212	0.9975873092	0.9764089122	1	1
957	0.9988257082	0.07601258785	0.9976541712	0.9770491803	1	1
958	0.9988592212	0.07586383256	0.9977210421	0.9776902887	1	1
959	0.9988592212	0.07576934809	0.9977210421	0.9776902887	1	1
960	0.9988592212	0.07555855386	0.9977210421	0.9776902887	1	1
961	0.9988592212	0.07536260938	0.9977210421	0.9776902887	1	1
962	0.9988592212	0.0752475404	0.9977210421	0.9776902887	1	1
963	0.9988592212	0.07510088185	0.9977210421	0.9776902887	1	1
964	0.9988592212	0.07490165736	0.9977210421	0.9776902887	1	1
965	0.9988592212	0.07482391357	0.9977210421	0.9776902887	1	1
966	0.9988927363	0.07466623109	0.997787922	0.978332239	1	1
967	0.9988592212	0.07455973539	0.9977210421	0.9776902887	1	1
968	0.9988927363	0.07438154989	0.997787922	0.978332239	1	1
969	0.9988927363	0.07426101444	0.997787922	0.978332239	1	1
970	0.9988927363	0.07412082807	0.997787922	0.978332239	1	1
971	0.9988927363	0.07398182859	0.997787922	0.978332239	1	1
972	0.9988927363	0.07392110519	0.997787922	0.978332239	1	1
973	0.9988927363	0.0737844797	0.997787922	0.978332239	1	1
974	0.9989262537	0.07366253215	0.9978548109	0.9789750329	1	1
975	0.9989597734	0.07355333403	0.9979217087	0.9796186719	1	1
976	0.9989932953	0.07341075967	0.9979886155	0.9802631579	1	1
977	0.9989932953	0.07327601199	0.9979886155	0.9802631579	1	1
978	0.9989932953	0.0731660884	0.9979886155	0.9802631579	1	1
979	0.9989932953	0.07305332962	0.9979886155	0.9802631579	1	1
980	0.9989932953	0.0729519242	0.9979886155	0.9802631579	1	1
981	0.9989932953	0.07285500947	0.9979886155	0.9802631579	1	1
982	0.9989932953	0.07278120894	0.9979886155	0.9802631579	1	1
983	0.9989597734	0.07262856819	0.9979217087	0.9796186719	1	1
984	0.9989597734	0.07243605759	0.9979217087	0.9796186719	1	1
985	0.9989262537	0.07234042706	0.9978548109	0.9789750329	1	1
986	0.9989597734	0.07224907108	0.9979217087	0.9796186719	1	1
987	0.9989597734	0.07215053614	0.9979217087	0.9796186719	1	1
988	0.9989262537	0.07192184865	0.9978548109	0.9789750329	1	1
989	0.9989262537	0.07177900175	0.9978548109	0.9789750329	1	1
990	0.9989597734	0.07164783191	0.9979217087	0.9796186719	1	1
991	0.9989597734	0.0715921972	0.9979217087	0.9796186719	1	1
992	0.9990603459	0.07146532236	0.9981224561	0.9815546772	1	1
993	0.9990268195	0.07133061219	0.9980555313	0.9809084924	1	1
994	0.9990603459	0.07121832282	0.9981224561	0.9815546772	1	1
995	0.9990268195	0.07108310099	0.9980555313	0.9809084924	1	1
996	0.9990603459	0.07095800294	0.9981224561	0.9815546772	1	1
997	0.9990603459	0.07087302224	0.9981224561	0.9815546772	1	1
998	0.9990603459	0.07076484306	0.9981224561	0.9815546772	1	1
999	0.9991274055	0.07065787376	0.9982563325	0.9828496042	1	1
