iter	F1	Logloss	Precision	Recall
0	0	0.6362679981	1	0
1	0	0.5875013518	1	0
2	0	0.5420895351	1	0
3	0	0.5073601671	1	0
4	0	0.4744310524	1	0
5	0	0.4483315743	1	0
6	0	0.4239873354	1	0
7	0	0.4063234671	1	0
8	0	0.3911424292	1	0
9	0	0.3604832083	1	0
10	0	0.3503591075	1	0
11	0	0.3420199423	1	0
12	0	0.3253825471	1	0
13	0	0.3194681351	1	0
14	0	0.3144365785	1	0
15	0	0.3105110705	1	0
16	0	0.3070946391	1	0
17	0	0.30315918	1	0
18	0	0.2983640916	1	0
19	0	0.296228527	1	0
20	0	0.2944404007	1	0
21	0	0.2915323019	1	0
22	0	0.2902120639	1	0
23	0	0.2876350183	1	0
24	0	0.2854390434	1	0
25	0	0.2830489192	1	0
26	0	0.2757806107	1	0
27	0	0.2748512426	1	0
28	0	0.2739976283	1	0
29	0	0.2723123401	1	0
30	0	0.2720461104	1	0
31	0	0.2715173726	1	0
32	0	0.2713233361	1	0
33	0	0.2706521773	1	0
34	0	0.267488689	1	0
35	0	0.2648880263	1	0
36	0	0.2645511168	1	0
37	0	0.2640299877	1	0
38	0	0.2635782272	1	0
39	0	0.2626353686	1	0
40	0	0.2621799416	1	0
41	0	0.2603209063	1	0
42	0	0.2597489227	1	0
43	0	0.2593397018	1	0
44	0	0.2588445859	1	0
45	0	0.2581171101	1	0
46	0	0.2571101186	1	0
47	0	0.2565537355	1	0
48	0	0.2562268984	1	0
49	0	0.2559248307	1	0
50	0	0.2556241162	1	0
51	0	0.2550717351	1	0
52	0	0.2523766312	1	0
53	0	0.2518494209	1	0
54	0	0.2515460402	1	0
55	0	0.2508970563	1	0
56	0	0.2503683155	1	0
57	0	0.2501052879	1	0
58	0	0.2498831056	1	0
59	0	0.2495905112	1	0
60	0	0.2491199716	1	0
61	0	0.24898496	1	0
62	0	0.2484708405	1	0
63	0	0.2481528532	1	0
64	0	0.247852345	1	0
65	0	0.2476326795	1	0
66	0	0.2474386174	1	0
67	0	0.2467820871	1	0
68	0	0.2463780878	1	0
69	0.001341381623	0.2460458017	1	0.0006711409396
70	0.001341381623	0.2457165949	1	0.0006711409396
71	0.001341381623	0.245471363	1	0.0006711409396
72	0.001341381623	0.2451259942	1	0.0006711409396
73	0.001341381623	0.2446192989	1	0.0006711409396
74	0.001341381623	0.2444449097	1	0.0006711409396
75	0.001341381623	0.2441232575	1	0.0006711409396
76	0.001341381623	0.2437579509	1	0.0006711409396
77	0.001341381623	0.2433671687	1	0.0006711409396
78	0.001341381623	0.2422692616	1	0.0006711409396
79	0.001341381623	0.2419827425	1	0.0006711409396
80	0.001341381623	0.2417270061	1	0.0006711409396
81	0.001341381623	0.2413887541	1	0.0006711409396
82	0.001341381623	0.2410679421	1	0.0006711409396
83	0.001341381623	0.240635198	1	0.0006711409396
84	0.001341381623	0.2401517036	1	0.0006711409396
85	0.001341381623	0.2393238988	1	0.0006711409396
86	0.001341381623	0.2390315007	1	0.0006711409396
87	0.001341381623	0.2387499261	1	0.0006711409396
88	0.002680965147	0.2385686555	1	0.001342281879
89	0.004018754186	0.2384014165	1	0.002013422819
90	0.005354752343	0.2380736974	1	0.002684563758
91	0.008021390374	0.2376719275	1	0.004026845638
92	0.008021390374	0.2373873437	1	0.004026845638
93	0.008021390374	0.2370179909	1	0.004026845638
94	0.008021390374	0.2363354882	1	0.004026845638
95	0.008021390374	0.2360432293	1	0.004026845638
96	0.008021390374	0.2359098495	1	0.004026845638
97	0.008021390374	0.2357276163	1	0.004026845638
98	0.009352037408	0.2353033749	1	0.004697986577
99	0.01068090788	0.2343449517	1	0.005369127517
100	0.01200800534	0.2341320619	1	0.006040268456
101	0.01068090788	0.2330319065	1	0.005369127517
102	0.01068090788	0.2326647923	1	0.005369127517
103	0.01200800534	0.2316121673	1	0.006040268456
104	0.01333333333	0.2312621447	1	0.006711409396
105	0.01333333333	0.2308969495	1	0.006711409396
106	0.01333333333	0.2304693229	1	0.006711409396
107	0.01333333333	0.2298156241	1	0.006711409396
108	0.01333333333	0.2295175262	1	0.006711409396
109	0.01333333333	0.2288663953	1	0.006711409396
110	0.01333333333	0.2285661261	1	0.006711409396
111	0.01333333333	0.2282824463	1	0.006711409396
112	0.01597869507	0.2277199685	1	0.008053691275
113	0.01597869507	0.2272642926	1	0.008053691275
114	0.01861702128	0.2270229158	1	0.009395973154
115	0.01861702128	0.2267537779	1	0.009395973154
116	0.02518223989	0.2264451395	1	0.01275167785
117	0.02518223989	0.2261071349	1	0.01275167785
118	0.0291005291	0.2256890221	1	0.01476510067
119	0.0291005291	0.2253838366	1	0.01476510067
120	0.0291005291	0.2253812072	1	0.01476510067
121	0.0304031725	0.2250371972	1	0.01543624161
122	0.0304031725	0.2246464812	1	0.01543624161
123	0.0304031725	0.2244491678	1	0.01543624161
124	0.0304031725	0.2239967291	1	0.01543624161
125	0.0304031725	0.2237809513	1	0.01543624161
126	0.0304031725	0.2227450308	1	0.01543624161
127	0.03170409511	0.222584397	1	0.01610738255
128	0.03430079156	0.222322158	1	0.01744966443
129	0.03170409511	0.2219921044	1	0.01610738255
130	0.03300330033	0.2216828721	1	0.01677852349
131	0.03559657218	0.2213525193	1	0.01812080537
132	0.03559657218	0.2210245801	1	0.01812080537
133	0.03947368421	0.2205288188	1	0.02013422819
134	0.03947368421	0.2203100598	1	0.02013422819
135	0.0420499343	0.2198946739	1	0.02147651007
136	0.04076265615	0.2194420017	1	0.02080536913
137	0.0420499343	0.2192847891	1	0.02147651007
138	0.043335522	0.2190967777	1	0.02214765101
139	0.04461942257	0.218912025	1	0.02281879195
140	0.04461942257	0.2188386699	1	0.02281879195
141	0.04461942257	0.2185408595	1	0.02281879195
142	0.043335522	0.2183124325	1	0.02214765101
143	0.04461942257	0.2179400663	1	0.02281879195
144	0.04590163934	0.2175150769	1	0.02348993289
145	0.04718217562	0.2164635231	1	0.02416107383
146	0.0497382199	0.2160548553	1	0.0255033557
147	0.0497382199	0.2158935748	1	0.0255033557
148	0.0497382199	0.2151822237	1	0.0255033557
149	0.0497382199	0.2148049193	1	0.0255033557
150	0.0522875817	0.2145280584	1	0.02684563758
151	0.0522875817	0.2142072465	1	0.02684563758
152	0.0522875817	0.213908069	1	0.02684563758
153	0.05483028721	0.212966243	1	0.02818791946
154	0.05736636245	0.2127529431	1	0.02953020134
155	0.05736636245	0.2123693726	1	0.02953020134
156	0.05736636245	0.2121445148	1	0.02953020134
157	0.05863192182	0.2115699784	1	0.03020134228
158	0.06241872562	0.210982642	1	0.0322147651
159	0.0661907852	0.2106398059	1	0.03422818792
160	0.06744487678	0.2105403924	1	0.03489932886
161	0.06994818653	0.2100020513	1	0.03624161074
162	0.06869734284	0.2097909401	1	0.0355704698
163	0.06869734284	0.2093595835	1	0.0355704698
164	0.06994818653	0.209143863	1	0.03624161074
165	0.06994818653	0.2089379109	1	0.03624161074
166	0.07369101487	0.2088030619	1	0.03825503356
167	0.07617817947	0.2084330017	1	0.03959731544
168	0.07617817947	0.208130756	1	0.03959731544
169	0.07865892972	0.2079271765	1	0.04093959732
170	0.08113329041	0.2078131521	1	0.04228187919
171	0.08606294155	0.2075093986	1	0.04496644295
172	0.08729139923	0.2070558541	1	0.04563758389
173	0.08974358974	0.206669585	1	0.04697986577
174	0.09341010877	0.2063395072	1	0.04899328859
175	0.09341010877	0.2060400357	1	0.04899328859
176	0.09584664537	0.205692248	1	0.05033557047
177	0.09584664537	0.2053779828	1	0.05033557047
178	0.09706257982	0.2049264496	1	0.05100671141
179	0.1031190325	0.2046532382	1	0.05436241611
180	0.101910828	0.2043722596	1	0.05369127517
181	0.1043256997	0.2040532325	1	0.05503355705
182	0.101910828	0.2038457479	1	0.05369127517
183	0.1055308328	0.2033316411	1	0.05570469799
184	0.1067344346	0.2020102517	1	0.05637583893
185	0.1091370558	0.2015777798	1	0.05771812081
186	0.1115335868	0.2012800256	1	0.05906040268
187	0.1151170145	0.2009210596	1	0.0610738255
188	0.1163084703	0.2006643579	1	0.06174496644
189	0.119873817	0.200322833	1	0.06375838926
190	0.119873817	0.1999967507	1	0.06375838926
191	0.1222432262	0.1996488207	1	0.06510067114
192	0.1269641735	0.199457307	1	0.0677852349
193	0.1257861635	0.1991102817	1	0.06711409396
194	0.130489335	0.1988647086	1	0.06979865772
195	0.130489335	0.1985325763	1	0.06979865772
196	0.130489335	0.1981587	1	0.06979865772
197	0.130489335	0.1979440326	1	0.06979865772
198	0.1351689612	0.1974942528	1	0.07248322148
199	0.1398252185	0.1970852587	1	0.07516778523
200	0.1433021807	0.1968371067	1	0.07718120805
201	0.1513647643	0.1965063012	1	0.08187919463
202	0.1513647643	0.1960422499	1	0.08187919463
203	0.1525108493	0.1957301003	1	0.08255033557
204	0.1547987616	0.1953986819	1	0.08389261745
205	0.1570810142	0.1949857016	1	0.08523489933
206	0.1582200247	0.1946152565	1	0.08590604027
207	0.1650246305	0.1943214219	1	0.08993288591
208	0.1695331695	0.1937123228	1	0.09261744966
209	0.1706568447	0.1933154628	1	0.0932885906
210	0.1717791411	0.1931154236	1	0.09395973154
211	0.1740196078	0.1928236293	1	0.09530201342
212	0.1773700306	0.1924829923	1	0.09731543624
213	0.1807081807	0.1921117832	1	0.09932885906
214	0.1807081807	0.1919123102	1	0.09932885906
215	0.1807081807	0.1917294628	1	0.09932885906
216	0.1829268293	0.1914563723	1	0.1006711409
217	0.1818181818	0.1911067285	1	0.1
218	0.1873479319	0.1906984709	1	0.1033557047
219	0.1895504253	0.1904774099	1	0.1046979866
220	0.1895504253	0.1901681932	1	0.1046979866
221	0.1939393939	0.1897701939	1	0.1073825503
222	0.196125908	0.1893729406	1	0.1087248322
223	0.1993957704	0.1888763384	1	0.110738255
224	0.1993957704	0.1886374704	1	0.110738255
225	0.1993957704	0.1884494781	1	0.110738255
226	0.2037371911	0.1880207145	1	0.1134228188
227	0.2037371911	0.1876521177	1	0.1134228188
228	0.2059000602	0.1871328342	1	0.1147651007
229	0.2123575285	0.1866699142	1	0.1187919463
230	0.2112845138	0.1863537439	1	0.1181208054
231	0.2112845138	0.1862138283	1	0.1181208054
232	0.2112845138	0.1860740929	1	0.1181208054
233	0.2155688623	0.1859067248	1	0.1208053691
234	0.2155688623	0.1855148955	1	0.1208053691
235	0.2177033493	0.1853133935	1	0.122147651
236	0.218768679	0.1850174749	1	0.1228187919
237	0.2177033493	0.1845968342	1	0.122147651
238	0.2240762813	0.1844180446	1	0.1261744966
239	0.2240762813	0.1839836411	1	0.1261744966
240	0.2230172928	0.1838620949	1	0.1255033557
241	0.2261904762	0.1834208263	1	0.1275167785
242	0.2261904762	0.1830970085	1	0.1275167785
243	0.2272456871	0.1828853398	1	0.1281879195
244	0.229352347	0.1827121171	1	0.1295302013
245	0.2304038005	0.1824290715	1	0.1302013423
246	0.229352347	0.1821655473	1	0.1295302013
247	0.2335506817	0.1819145793	1	0.1322147651
248	0.2335506817	0.1817389131	1	0.1322147651
249	0.2377291543	0.1814891412	1	0.1348993289
250	0.2418879056	0.1811514289	1	0.1375838926
251	0.2418879056	0.1809160687	1	0.1375838926
252	0.2480893592	0.1804260648	1	0.1416107383
253	0.2491186839	0.1801712862	1	0.1422818792
254	0.2511737089	0.1798970681	1	0.1436241611
255	0.2532239156	0.1796660233	1	0.144966443
256	0.2562902282	0.1794318994	1	0.1469798658
257	0.2552693208	0.1790759699	1	0.1463087248
258	0.2573099415	0.1787629417	1	0.1476510067
259	0.2613768961	0.1783652841	1	0.1503355705
260	0.2644146768	0.178055949	1	0.1523489933
261	0.2644146768	0.1775079754	1	0.1523489933
262	0.2623906706	0.1771869229	1	0.1510067114
263	0.2664339732	0.1768380924	1	0.1536912752
264	0.2664339732	0.1765489369	1	0.1536912752
265	0.2684485764	0.176276556	1	0.155033557
266	0.2714617169	0.1760596753	1	0.1570469799
267	0.2744643891	0.1755826386	1	0.1590604027
268	0.275462963	0.1753471836	1	0.1597315436
269	0.2804385459	0.1746888492	1	0.1630872483
270	0.2804385459	0.1745135994	1	0.1630872483
271	0.284398388	0.1741017163	1	0.1657718121
272	0.284398388	0.1738718255	1	0.1657718121
273	0.2853855006	0.1735881434	1	0.166442953
274	0.2853855006	0.1733391897	1	0.166442953
275	0.2873563218	0.1724280852	1	0.1677852349
276	0.2873563218	0.1722014966	1	0.1677852349
277	0.2893226177	0.1720343514	1	0.1691275168
278	0.2903040734	0.1717671458	1	0.1697986577
279	0.2942186606	0.1714535885	1	0.1724832215
280	0.2932416953	0.171205115	1	0.1718120805
281	0.2961692396	0.1709126912	1	0.1738255034
282	0.2981153626	0.1705496354	1	0.1751677852
283	0.301994302	0.1702968932	1	0.177852349
284	0.3048919226	0.1699083025	1	0.1798657718
285	0.3087400681	0.169406968	1	0.1825503356
286	0.3087400681	0.1692479783	1	0.1825503356
287	0.3096993761	0.169080234	1	0.1832214765
288	0.3135257499	0.1686701004	1	0.1859060403
289	0.3125707814	0.1683470367	1	0.1852348993
290	0.314479638	0.1680512832	1	0.1865771812
291	0.3135257499	0.1678728342	1	0.1859060403
292	0.3173348391	0.1675605742	1	0.188590604
293	0.3230163196	0.1670889805	1	0.1926174497
294	0.3220720721	0.1667352589	1	0.1919463087
295	0.3277216611	0.166478765	1	0.1959731544
296	0.3314669653	0.1662580739	1	0.1986577181
297	0.3324006715	0.1659350436	1	0.1993288591
298	0.3361250698	0.1655770408	1	0.2020134228
299	0.3379810374	0.1651981838	1	0.2033557047
300	0.3379810374	0.1648301611	1	0.2033557047
301	0.3398328691	0.1646684023	1	0.2046979866
302	0.3426028921	0.1644361193	1	0.2067114094
303	0.346281909	0.1640663861	1	0.2093959732
304	0.3490304709	0.1636015012	1	0.211409396
305	0.349944629	0.1633095448	1	0.2120805369
306	0.349944629	0.1631039792	1	0.2120805369
307	0.3526810392	0.1627983354	1	0.2140939597
308	0.3563154992	0.162644553	1	0.2167785235
309	0.3545002761	0.1623204632	1	0.2154362416
310	0.3599339571	0.1619824849	1	0.2194630872
311	0.3626373626	0.1618519459	1	0.2214765101
312	0.3653318705	0.1615701415	1	0.2234899329
313	0.3662280702	0.1611864671	1	0.2241610738
314	0.3680175246	0.1609679177	1	0.2255033557
315	0.3698030635	0.1606853522	1	0.2268456376
316	0.3715846995	0.1603662853	1	0.2281879195
317	0.3733624454	0.1600712335	1	0.2295302013
318	0.3733624454	0.15990067	1	0.2295302013
319	0.3760217984	0.1596387476	1	0.2315436242
320	0.3769063181	0.1594486636	1	0.2322147651
321	0.3804347826	0.1591152015	1	0.2348993289
322	0.3804347826	0.1589703957	1	0.2348993289
323	0.3786724701	0.1587456202	1	0.233557047
324	0.3795541055	0.1585642286	1	0.2342281879
325	0.3795541055	0.158233704	1	0.2342281879
326	0.3848238482	0.1579828166	1	0.2382550336
327	0.3839479393	0.1577493918	1	0.2375838926
328	0.3874458874	0.1575611749	1	0.2402684564
329	0.3943965517	0.1572988716	1	0.2456375839
330	0.3952611739	0.1570326315	1	0.2463087248
331	0.3952611739	0.1568682436	1	0.2463087248
332	0.3952611739	0.1565500199	1	0.2463087248
333	0.3978494624	0.1563673673	1	0.2483221477
334	0.3995703545	0.1560103997	1	0.2496644295
335	0.3987103708	0.1557700613	1	0.2489932886
336	0.405564473	0.1555922591	1	0.2543624161
337	0.4081196581	0.15548436	1	0.2563758389
338	0.4089695675	0.1551581155	1	0.2570469799
339	0.4081196581	0.1549810216	1	0.2563758389
340	0.4098185699	0.1547832992	1	0.2577181208
341	0.4098185699	0.1546003102	1	0.2577181208
342	0.4115138593	0.1542967207	1	0.2590604027
343	0.4115138593	0.1539851279	1	0.2590604027
344	0.4157363105	0.1537435175	1	0.2624161074
345	0.4174190122	0.1535748879	1	0.2637583893
346	0.4182590234	0.1533730449	1	0.2644295302
347	0.4190981432	0.1530099236	1	0.2651006711
348	0.4249471459	0.1525367175	1	0.2697986577
349	0.4282700422	0.1523471214	1	0.2724832215
350	0.4274406332	0.1522442292	1	0.2718120805
351	0.4282700422	0.152150925	1	0.2724832215
352	0.4340514976	0.1518482812	1	0.2771812081
353	0.4356955381	0.1516301359	1	0.2785234899
354	0.4356955381	0.1513004528	1	0.2785234899
355	0.4414225941	0.1510807957	1	0.2832214765
356	0.4430512017	0.1507957195	1	0.2845637584
357	0.4446764092	0.1506732812	1	0.2859060403
358	0.4471078687	0.1504214818	1	0.2879194631
359	0.4503380135	0.1501644411	1	0.2906040268
360	0.4511434511	0.1499604546	1	0.2912751678
361	0.4519480519	0.149860223	1	0.2919463087
362	0.4503380135	0.1495561625	1	0.2906040268
363	0.4511434511	0.1493753454	1	0.2912751678
364	0.4511434511	0.1490723266	1	0.2912751678
365	0.4527518172	0.1487808406	1	0.2926174497
366	0.4567581564	0.1482583584	1	0.2959731544
367	0.4567581564	0.1481392402	1	0.2959731544
368	0.4559585492	0.1479102192	1	0.2953020134
369	0.4575569358	0.1477187037	1	0.2966442953
370	0.4607438017	0.1475529596	1	0.2993288591
371	0.4615384615	0.1473493028	1	0.3
372	0.4639175258	0.1470341742	1	0.3020134228
373	0.4654994851	0.1470013105	1	0.3033557047
374	0.4710107748	0.1467012259	1	0.3080536913
375	0.4710107748	0.1463827954	1	0.3080536913
376	0.4694401644	0.1461996618	1	0.3067114094
377	0.472578165	0.1459591725	1	0.3093959732
378	0.4741423451	0.1456923496	1	0.310738255
379	0.4757033248	0.1455343192	1	0.3120805369
380	0.4788157223	0.145243401	1	0.3147651007
381	0.4788157223	0.1450382762	1	0.3147651007
382	0.4811416922	0.1448910767	1	0.3167785235
383	0.4819154356	0.1446935153	1	0.3174496644
384	0.484231943	0.1444180947	1	0.3194630872
385	0.4880771182	0.1441712507	1	0.3228187919
386	0.4896097314	0.1440354719	1	0.3241610738
387	0.4896097314	0.1437865806	1	0.3241610738
388	0.4911392405	0.1434520526	1	0.3255033557
389	0.492665655	0.143311624	1	0.3268456376
390	0.4949494949	0.1431376086	1	0.3288590604
391	0.4964682139	0.1428298912	1	0.3302013423
392	0.497983871	0.1426174328	1	0.3315436242
393	0.4994964753	0.1423973055	1	0.332885906
394	0.4994964753	0.1421161383	1	0.332885906
395	0.5010060362	0.141887085	1	0.3342281879
396	0.5017596782	0.1417021166	1	0.3348993289
397	0.5017596782	0.1414158452	1	0.3348993289
398	0.5017596782	0.1413197882	1	0.3348993289
399	0.5032646911	0.1410957249	1	0.3362416107
400	0.5025125628	0.1409523207	1	0.3355704698
401	0.5062656642	0.1406264415	1	0.3389261745
402	0.5070140281	0.1404337442	1	0.3395973154
403	0.5092546273	0.1402429596	1	0.3416107383
404	0.5122316525	0.1397672327	1	0.344295302
405	0.5122316525	0.1396491284	1	0.344295302
406	0.5151968112	0.1394155406	1	0.3469798658
407	0.5151968112	0.1393684441	1	0.3469798658
408	0.5144566301	0.1390749263	1	0.3463087248
409	0.5174129353	0.1389229299	1	0.3489932886
410	0.5188866799	0.1385617515	1	0.3503355705
411	0.5203574975	0.1384747769	1	0.3516778523
412	0.5218253968	0.1384017885	1	0.3530201342
413	0.5225582548	0.1380531768	1	0.3536912752
414	0.5232903865	0.1378037713	1	0.3543624161
415	0.5225582548	0.1376408117	1	0.3536912752
416	0.5247524752	0.1374355904	1	0.355704698
417	0.5262116716	0.137119086	1	0.3570469799
418	0.5269401878	0.1370525616	1	0.3577181208
419	0.5291214215	0.1369070832	1	0.3597315436
420	0.5291214215	0.136786767	1	0.3597315436
421	0.5305719921	0.1365566995	1	0.3610738255
422	0.5320197044	0.1364014998	1	0.3624161074
423	0.5341859321	0.1361123145	1	0.3644295302
424	0.5370643103	0.1358398331	1	0.367114094
425	0.5356265356	0.1355268305	1	0.3657718121
426	0.536345776	0.1352968488	1	0.366442953
427	0.5370643103	0.1352198254	1	0.367114094
428	0.5406464251	0.1348747753	1	0.3704697987
429	0.5406464251	0.1346551611	1	0.3704697987
430	0.542074364	0.1344393748	1	0.3718120805
431	0.5427872861	0.1342037827	1	0.3724832215
432	0.5434995112	0.1340743039	1	0.3731543624
433	0.5463414634	0.1338598857	1	0.3758389262
434	0.5477582846	0.1335923478	1	0.3771812081
435	0.5477582846	0.1334489238	1	0.3771812081
436	0.5491723466	0.1333596119	1	0.3785234899
437	0.5533980583	0.1330666374	1	0.3825503356
438	0.5519922255	0.1329389456	1	0.3812080537
439	0.5548011639	0.1327975969	1	0.3838926174
440	0.5562015504	0.1325660571	1	0.3852348993
441	0.5569007264	0.1324166311	1	0.3859060403
442	0.5603864734	0.1321794792	1	0.389261745
443	0.5631629701	0.1319131766	1	0.3919463087
444	0.5645472062	0.1316178409	1	0.3932885906
445	0.5652383245	0.1313952998	1	0.3939597315
446	0.5666185666	0.1311874724	1	0.3953020134
447	0.5666185666	0.1311360492	1	0.3953020134
448	0.5652383245	0.1308839469	1	0.3939597315
449	0.5679961557	0.1307361923	1	0.3966442953
450	0.5679961557	0.1306480381	1	0.3966442953
451	0.5714285714	0.1303354227	1	0.4
452	0.5755258126	0.1301455122	1	0.4040268456
453	0.5741626794	0.1299411393	1	0.4026845638
454	0.5762064023	0.1297739472	1	0.4046979866
455	0.5789222699	0.1295249185	1	0.4073825503
456	0.582302569	0.1293404499	1	0.410738255
457	0.5836501901	0.1292235824	1	0.4120805369
458	0.5843230404	0.1290440775	1	0.4127516779
459	0.5856668249	0.1289112009	1	0.4140939597
460	0.5870080607	0.1285548636	1	0.4154362416
461	0.5870080607	0.1283976924	1	0.4154362416
462	0.5876777251	0.1281922413	1	0.4161073826
463	0.5883467551	0.1280327081	1	0.4167785235
464	0.5910165485	0.1277916784	1	0.4194630872
465	0.5930122757	0.127577175	1	0.4214765101
466	0.5943396226	0.1273693032	1	0.4228187919
467	0.5956644675	0.1272990896	1	0.4241610738
468	0.5989656794	0.1270009271	1	0.4275167785
469	0.6009389671	0.126780427	1	0.4295302013
470	0.6009389671	0.1266831129	1	0.4295302013
471	0.6061739944	0.1262355705	1	0.4348993289
472	0.6081270434	0.1260733867	1	0.4369127517
473	0.6055217595	0.12592834	1	0.4342281879
474	0.6081270434	0.1258202838	1	0.4369127517
475	0.6113699907	0.1256629059	1	0.4402684564
476	0.6133085156	0.125396527	1	0.4422818792
477	0.6139534884	0.1252915768	1	0.4429530201
478	0.6139534884	0.1251561056	1	0.4429530201
479	0.6120167676	0.1247933132	1	0.4409395973
480	0.6158848119	0.1245648193	1	0.444966443
481	0.6190917516	0.1243666894	1	0.4483221477
482	0.6197313571	0.1241847961	1	0.4489932886
483	0.6210087922	0.1240990728	1	0.4503355705
484	0.6254612546	0.1237630143	1	0.455033557
485	0.6241920591	0.1236001443	1	0.4536912752
486	0.6254612546	0.1234860012	1	0.455033557
487	0.6267281106	0.1232763557	1	0.4563758389
488	0.6311437758	0.1230004271	1	0.4610738255
489	0.6317722681	0.1228923635	1	0.4617449664
490	0.6342804766	0.1226400116	1	0.4644295302
491	0.6342804766	0.1224731047	1	0.4644295302
492	0.633654287	0.1223482499	1	0.4637583893
493	0.6342804766	0.1220929113	1	0.4644295302
494	0.6330275229	0.1219351572	1	0.4630872483
495	0.6349060925	0.1217562724	1	0.4651006711
496	0.6349060925	0.1215757927	1	0.4651006711
497	0.6386477844	0.1213933707	1	0.4691275168
498	0.639890461	0.121246731	1	0.4704697987
499	0.6405109489	0.121070621	1	0.4711409396
500	0.6436049158	0.12096061	1	0.4744966443
501	0.6423690205	0.1207771062	1	0.4731543624
502	0.6460699682	0.1204660304	1	0.4771812081
503	0.6485260771	0.1201923408	1	0.4798657718
504	0.6497507929	0.1199448319	1	0.4812080537
505	0.6491387126	0.11973457	1	0.4805369128
506	0.6540198735	0.1195198769	1	0.4859060403
507	0.6564472498	0.119347334	1	0.488590604
508	0.6558412269	0.1191703909	1	0.4879194631
509	0.6564472498	0.118936562	1	0.488590604
510	0.6576576577	0.1188434842	1	0.4899328859
511	0.6588658866	0.1186919181	1	0.4912751678
512	0.6588658866	0.1183883901	1	0.4912751678
513	0.6600719424	0.1182329887	1	0.4926174497
514	0.6606741573	0.1181216653	1	0.4932885906
515	0.6624775583	0.1179169184	1	0.4953020134
516	0.6642761094	0.1177133331	1	0.4973154362
517	0.6654724586	0.1174768425	1	0.4986577181
518	0.6666666667	0.117405571	1	0.5
519	0.664874552	0.1172622701	1	0.4979865772
520	0.6737872719	0.1167470303	1	0.5080536913
521	0.6731967943	0.1165241868	1	0.5073825503
522	0.6755555556	0.11644865	1	0.5100671141
523	0.6755555556	0.1163623132	1	0.5100671141
524	0.6755555556	0.1163097262	1	0.5100671141
525	0.676143936	0.1162604358	1	0.510738255
526	0.676143936	0.1160907528	1	0.510738255
527	0.6749666518	0.1158589872	1	0.5093959732
528	0.6743772242	0.1156862124	1	0.5087248322
529	0.676731794	0.1155177248	1	0.511409396
530	0.6784922395	0.1152323952	1	0.5134228188
531	0.6790780142	0.1151311461	1	0.5140939597
532	0.6808322266	0.1150155191	1	0.5161073826
533	0.683745583	0.1148511202	1	0.5194630872
534	0.6849073257	0.1146588535	1	0.5208053691
535	0.683745583	0.1144868367	1	0.5194630872
536	0.683745583	0.1143195838	1	0.5194630872
537	0.6831639417	0.1141082966	1	0.5187919463
538	0.6860670194	0.113795192	1	0.522147651
539	0.6866460996	0.1136634867	1	0.5228187919
540	0.6878027301	0.1134587154	1	0.5241610738
541	0.6912604304	0.1132604057	1	0.5281879195
542	0.690685413	0.1130971629	1	0.5275167785
543	0.6918349429	0.1129243069	1	0.5288590604
544	0.6935554581	0.1127403453	1	0.5308724832
545	0.6958424508	0.1126508315	1	0.533557047
546	0.6958424508	0.1124496177	1	0.533557047
547	0.699257966	0.1122144674	1	0.5375838926
548	0.7003924989	0.1120925922	1	0.5389261745
549	0.7003924989	0.1120102296	1	0.5389261745
550	0.7003924989	0.1119780535	1	0.5389261745
551	0.7015250545	0.1118010642	1	0.5402684564
552	0.7026556378	0.1116414165	1	0.5416107383
553	0.7003924989	0.1115286356	1	0.5389261745
554	0.7009590235	0.1114041112	1	0.5395973154
555	0.7009590235	0.1111861464	1	0.5395973154
556	0.7032201915	0.1110026334	1	0.5422818792
557	0.7043478261	0.110824528	1	0.5436241611
558	0.7060356057	0.1107267816	1	0.5456375839
559	0.7065972222	0.1106436985	1	0.5463087248
560	0.7088388215	0.1104196707	1	0.5489932886
561	0.7093980078	0.1103609197	1	0.5496644295
562	0.7082791504	0.1101487069	1	0.5483221477
563	0.7093980078	0.1100366032	1	0.5496644295
564	0.7127429806	0.1098168724	1	0.5536912752
565	0.7121866897	0.1097222924	1	0.5530201342
566	0.713298791	0.1096135185	1	0.5543624161
567	0.7160706592	0.109443435	1	0.5577181208
568	0.7149633463	0.1092734453	1	0.5563758389
569	0.7166236003	0.1090999215	1	0.5583892617
570	0.7188306105	0.1089054551	1	0.5610738255
571	0.7204808931	0.1087705019	1	0.5630872483
572	0.7210300429	0.1085774609	1	0.5637583893
573	0.7221269297	0.1082356553	1	0.5651006711
574	0.7221269297	0.1080482131	1	0.5651006711
575	0.7215787216	0.1077919655	1	0.5644295302
576	0.7259512612	0.1074981067	1	0.5697986577
577	0.7254063302	0.1073342729	1	0.5691275168
578	0.7254063302	0.1072965251	1	0.5691275168
579	0.7275832622	0.1070147703	1	0.5718120805
580	0.728668942	0.1068914322	1	0.5731543624
581	0.7324542748	0.1067816203	1	0.577852349
582	0.7346072187	0.1065828675	1	0.5805369128
583	0.7378229564	0.1063613841	1	0.5845637584
584	0.7367528614	0.1061296533	1	0.5832214765
585	0.7378229564	0.1059984257	1	0.5845637584
586	0.7394247039	0.1058493724	1	0.5865771812
587	0.7447346251	0.1055270142	1	0.5932885906
588	0.7442056469	0.1054051892	1	0.5926174497
589	0.7436762226	0.1052088673	1	0.5919463087
590	0.7431463518	0.1050355903	1	0.5912751678
591	0.7436762226	0.1049971044	1	0.5919463087
592	0.7426160338	0.1048679431	1	0.5906040268
593	0.7436762226	0.1046555856	1	0.5919463087
594	0.7463188894	0.1043456551	1	0.5953020134
595	0.7489504618	0.10412304	1	0.5986577181
596	0.75	0.1039822009	1	0.6
597	0.750524109	0.1038674665	1	0.6006711409
598	0.7526161574	0.1036964206	1	0.6033557047
599	0.7531380753	0.1035660164	1	0.6040268456
600	0.7531380753	0.1034696936	1	0.6040268456
601	0.7520938023	0.10325355	1	0.6026845638
602	0.7526161574	0.1031247973	1	0.6033557047
603	0.75	0.1029732545	1	0.6
604	0.7515710096	0.1027406427	1	0.6020134228
605	0.7531380753	0.1025880259	1	0.6040268456
606	0.7552213868	0.1024364644	1	0.6067114094
607	0.7557411273	0.1022880918	1	0.6073825503
608	0.7572977481	0.1020744858	1	0.6093959732
609	0.759367194	0.1019052399	1	0.6120805369
610	0.7583333333	0.1017535486	1	0.610738255
611	0.758850479	0.1016247194	1	0.611409396
612	0.758850479	0.1015906423	1	0.611409396
613	0.759367194	0.1015478881	1	0.6120805369
614	0.758850479	0.1013933481	1	0.611409396
615	0.7609147609	0.1013143516	1	0.6140939597
616	0.759883479	0.1012812557	1	0.6127516779
617	0.7614297589	0.1011810474	1	0.6147651007
618	0.7624584718	0.100952945	1	0.6161073826
619	0.7624584718	0.1007878508	1	0.6161073826
620	0.7645107794	0.1006202514	1	0.6187919463
621	0.7650227932	0.1004952104	1	0.6194630872
622	0.7650227932	0.1003993442	1	0.6194630872
623	0.7650227932	0.1002945272	1	0.6194630872
624	0.7660455487	0.1001203743	1	0.6208053691
625	0.7660455487	0.09998880761	1	0.6208053691
626	0.7675765095	0.09983302273	1	0.6228187919
627	0.7675765095	0.09966658456	1	0.6228187919
628	0.7680859859	0.09952942408	1	0.6234899329
629	0.7711340206	0.0993979824	1	0.6275167785
630	0.7716405606	0.09929384295	1	0.6281879195
631	0.7716405606	0.09919066965	1	0.6281879195
632	0.7721466831	0.09907079148	1	0.6288590604
633	0.7736625514	0.09890239216	1	0.6308724832
634	0.7731576781	0.09889803267	1	0.6302013423
635	0.7741670095	0.09872772289	1	0.6315436242
636	0.7736625514	0.09855835369	1	0.6308724832
637	0.7751746815	0.09847092278	1	0.632885906
638	0.776683087	0.09836781873	1	0.6348993289
639	0.776683087	0.0982033261	1	0.6348993289
640	0.7771850636	0.09804168734	1	0.6355704698
641	0.7776866284	0.09799886791	1	0.6362416107
642	0.776683087	0.09787335477	1	0.6348993289
643	0.7781877819	0.09776592678	1	0.6369127517
644	0.7781877819	0.09765931833	1	0.6369127517
645	0.779188857	0.09753084905	1	0.6382550336
646	0.7811860941	0.0974237759	1	0.6409395973
647	0.7816843827	0.09730682111	1	0.6416107383
648	0.7826797386	0.09722258869	1	0.6429530201
649	0.7826797386	0.09701329315	1	0.6429530201
650	0.782182264	0.09686364688	1	0.6422818792
651	0.7826797386	0.09681943668	1	0.6429530201
652	0.7836734694	0.09662186341	1	0.644295302
653	0.7846655791	0.09655525984	1	0.6456375839
654	0.7856560717	0.0964191038	1	0.6469798658
655	0.7866449511	0.09623462056	1	0.6483221477
656	0.7871387871	0.09619430287	1	0.6489932886
657	0.7876322213	0.09610646541	1	0.6496644295
658	0.7881252542	0.09586924703	1	0.6503355705
659	0.7891101178	0.09575004121	1	0.6516778523
660	0.7886178862	0.09565619687	1	0.6510067114
661	0.7891101178	0.09551884503	1	0.6516778523
662	0.7886178862	0.09538566001	1	0.6510067114
663	0.7886178862	0.09523195928	1	0.6510067114
664	0.7891101178	0.09512617717	1	0.6516778523
665	0.7891101178	0.09507910552	1	0.6516778523
666	0.7896019496	0.09504407055	1	0.6523489933
667	0.7896019496	0.09489356217	1	0.6523489933
668	0.7896019496	0.0947652873	1	0.6523489933
669	0.7905844156	0.09461207872	1	0.6536912752
670	0.7915652879	0.09446363809	1	0.655033557
671	0.7915652879	0.0943821673	1	0.655033557
672	0.7940105221	0.09416063271	1	0.6583892617
673	0.7935222672	0.09411564897	1	0.6577181208
674	0.7940105221	0.09402382182	1	0.6583892617
675	0.7949858471	0.09393002339	1	0.6597315436
676	0.7944983819	0.09382045847	1	0.6590604027
677	0.7949858471	0.09371556188	1	0.6597315436
678	0.795959596	0.09355035527	1	0.6610738255
679	0.7969317723	0.09337911437	1	0.6624161074
680	0.7993553586	0.09319329974	1	0.6657718121
681	0.7998389046	0.09307550239	1	0.666442953
682	0.800804829	0.09291172624	1	0.6677852349
683	0.8017691998	0.09278792537	1	0.6691275168
684	0.8017691998	0.09266286493	1	0.6691275168
685	0.8012872084	0.09253591789	1	0.6684563758
686	0.8022508039	0.09244059641	1	0.6697986577
687	0.8027320209	0.09233001366	1	0.6704697987
688	0.8027320209	0.09222295604	1	0.6704697987
689	0.8032128514	0.09215945117	1	0.6711409396
690	0.8046530285	0.09206236194	1	0.6731543624
691	0.8056112224	0.09192352354	1	0.6744966443
692	0.8056112224	0.09187682829	1	0.6744966443
693	0.8051323176	0.09169184143	1	0.6738255034
694	0.8060897436	0.09160494644	1	0.6751677852
695	0.8065678815	0.0915369403	1	0.6758389262
696	0.8075230092	0.09137169042	1	0.6771812081
697	0.8084766094	0.09119698382	1	0.6785234899
698	0.8084766094	0.09110220556	1	0.6785234899
699	0.8084766094	0.09096097938	1	0.6785234899
700	0.808	0.09081539059	1	0.677852349
701	0.8094286856	0.09071943353	1	0.6798657718
702	0.8094286856	0.09070720878	1	0.6798657718
703	0.8099041534	0.09059752847	1	0.6805369128
704	0.8094286856	0.09052170698	1	0.6798657718
705	0.8094286856	0.09047923653	1	0.6798657718
706	0.8099041534	0.09038914348	1	0.6805369128
707	0.8099041534	0.09035700908	1	0.6805369128
708	0.8118022329	0.09012916921	1	0.6832214765
709	0.8118022329	0.08999126115	1	0.6832214765
710	0.8122758071	0.08988322469	1	0.6838926174
711	0.812749004	0.08978814761	1	0.6845637584
712	0.812749004	0.08975550669	1	0.6845637584
713	0.8141663351	0.08962284539	1	0.6865771812
714	0.8160508542	0.08943837857	1	0.689261745
715	0.8151093439	0.0893299166	1	0.6879194631
716	0.8165210485	0.08923220186	1	0.6899328859
717	0.8183980967	0.08907854787	1	0.6926174497
718	0.8188664289	0.08899616473	1	0.6932885906
719	0.8188664289	0.08884456862	1	0.6932885906
720	0.8188664289	0.08870919004	1	0.6932885906
721	0.8183980967	0.08856305971	1	0.6926174497
722	0.8193343899	0.08845508257	1	0.6939597315
723	0.8188664289	0.0883786495	1	0.6932885906
724	0.8202692003	0.08831603867	1	0.6953020134
725	0.8202692003	0.08825095289	1	0.6953020134
726	0.8202692003	0.088173823	1	0.6953020134
727	0.8207360507	0.08806644101	1	0.6959731544
728	0.8202692003	0.08802142807	1	0.6953020134
729	0.8207360507	0.08797954405	1	0.6959731544
730	0.8212025316	0.08782138222	1	0.6966442953
731	0.8216686437	0.08772978977	1	0.6973154362
732	0.8221343874	0.0876293975	1	0.6979865772
733	0.8225997629	0.08753971816	1	0.6986577181
734	0.8230647709	0.08738261811	1	0.6993288591
735	0.8225997629	0.08730724776	1	0.6986577181
736	0.8235294118	0.0871714257	1	0.7
737	0.8239936859	0.08701200721	1	0.7006711409
738	0.8253843122	0.08688342817	1	0.7026845638
739	0.8258471237	0.08675137482	1	0.7033557047
740	0.8267716535	0.08655341955	1	0.7046979866
741	0.8276947286	0.08644375333	1	0.7060402685
742	0.8295365279	0.08634390234	1	0.7087248322
743	0.8286163522	0.08625813402	1	0.7073825503
744	0.8276947286	0.08599872492	1	0.7060402685
745	0.8299960738	0.08587488683	1	0.7093959732
746	0.8318306546	0.08571030915	1	0.7120805369
747	0.8322884013	0.08560741215	1	0.7127516779
748	0.8318306546	0.08545990135	1	0.7120805369
749	0.8327457893	0.08538049644	1	0.7134228188
750	0.8332028191	0.08523229269	1	0.7140939597
751	0.8336594912	0.08512189847	1	0.7147651007
752	0.8359375	0.08502181906	1	0.7181208054
753	0.8359375	0.0849116173	1	0.7181208054
754	0.8359375	0.08482847279	1	0.7181208054
755	0.837300039	0.08471082909	1	0.7201342282
756	0.838659392	0.08463914177	1	0.722147651
757	0.8391118037	0.08453141367	1	0.7228187919
758	0.8391118037	0.0844190945	1	0.7228187919
759	0.838659392	0.08437396382	1	0.722147651
760	0.8395638629	0.0841928622	1	0.7234899329
761	0.8395638629	0.08412452411	1	0.7234899329
762	0.8400155703	0.08406549992	1	0.7241610738
763	0.8400155703	0.08398624065	1	0.7241610738
764	0.8409179308	0.08379181457	1	0.7255033557
765	0.8409179308	0.0837585725	1	0.7255033557
766	0.8418188885	0.08358666745	1	0.7268456376
767	0.8445133773	0.0834492777	1	0.7308724832
768	0.8449612403	0.08331366112	1	0.7315436242
769	0.8436166085	0.08312181556	1	0.7295302013
770	0.8440651668	0.08300041671	1	0.7302013423
771	0.8471953578	0.0828937388	1	0.7348993289
772	0.8471953578	0.082777804	1	0.7348993289
773	0.8476411446	0.08264024611	1	0.7355704698
774	0.8480865868	0.0826030122	1	0.7362416107
775	0.846749226	0.08253964095	1	0.7342281879
776	0.8476411446	0.08241364063	1	0.7355704698
777	0.8485316847	0.08232064733	1	0.7369127517
778	0.8489764388	0.08225069456	1	0.7375838926
779	0.849864917	0.08211870609	1	0.7389261745
780	0.8507520247	0.08194613463	1	0.7402684564
781	0.850308642	0.08178957846	1	0.7395973154
782	0.8525221409	0.0816432151	1	0.7429530201
783	0.8525221409	0.08155940428	1	0.7429530201
784	0.8520801233	0.08144414855	1	0.7422818792
785	0.8529638183	0.08135810369	1	0.7436241611
786	0.8534051558	0.08131430696	1	0.744295302
787	0.8542868128	0.08126991243	1	0.7456375839
788	0.854727133	0.08122341149	1	0.7463087248
789	0.8542868128	0.08118686813	1	0.7456375839
790	0.8560460653	0.08104657949	1	0.7483221477
791	0.8556067588	0.08097139995	1	0.7476510067
792	0.8569236671	0.08070567932	1	0.7496644295
793	0.8556067588	0.08060031323	1	0.7476510067
794	0.8556067588	0.08049908182	1	0.7476510067
795	0.8564850345	0.08043130963	1	0.7489932886
796	0.8573619632	0.08036603472	1	0.7503355705
797	0.8582375479	0.08025746131	1	0.7516778523
798	0.8586748372	0.08011967513	1	0.7523489933
799	0.8604206501	0.07997762428	1	0.755033557
800	0.8595484118	0.0798976571	1	0.7536912752
801	0.8604206501	0.07979076982	1	0.755033557
802	0.8608562691	0.07974267251	1	0.755704698
803	0.8612915552	0.07970879831	1	0.7563758389
804	0.8617265088	0.07958853099	1	0.7570469799
805	0.8617265088	0.07950841095	1	0.7570469799
806	0.8625954198	0.07945782564	1	0.7583892617
807	0.8630293781	0.07932258735	1	0.7590604027
808	0.8621611302	0.07921097482	1	0.7577181208
809	0.8625954198	0.07918883574	1	0.7583892617
810	0.8634630053	0.07914415573	1	0.7597315436
811	0.8630293781	0.07905138838	1	0.7590604027
812	0.8643292683	0.07895513301	1	0.7610738255
813	0.8647619048	0.07883662695	1	0.7617449664
814	0.8656261896	0.07867364472	1	0.7630872483
815	0.8656261896	0.07862337593	1	0.7630872483
816	0.8669201521	0.07850675752	1	0.7651006711
817	0.8673508172	0.07842156631	1	0.7657718121
818	0.867781155	0.07836768634	1	0.766442953
819	0.868211166	0.07827144712	1	0.767114094
820	0.8699279484	0.07813111978	1	0.7697986577
821	0.870784388	0.07800375025	1	0.7711409396
822	0.870784388	0.07791899079	1	0.7711409396
823	0.8716395305	0.07782825805	1	0.7724832215
824	0.8729198185	0.0776345273	1	0.7744966443
825	0.8729198185	0.07752371954	1	0.7744966443
826	0.8741972044	0.07736302563	1	0.7765100671
827	0.8746223565	0.07727912181	1	0.7771812081
828	0.8741972044	0.0771852577	1	0.7765100671
829	0.8750471876	0.07708640541	1	0.777852349
830	0.8750471876	0.07705731205	1	0.777852349
831	0.8758958883	0.0769690312	1	0.7791946309
832	0.8775894539	0.07693068127	1	0.7818791946
833	0.8780120482	0.07683331547	1	0.7825503356
834	0.8784343244	0.07675113278	1	0.7832214765
835	0.8784343244	0.07672195987	1	0.7832214765
836	0.8788562829	0.07664745911	1	0.7838926174
837	0.8805409467	0.07653976463	1	0.7865771812
838	0.8805409467	0.07644651999	1	0.7865771812
839	0.8805409467	0.07637957264	1	0.7865771812
840	0.8813813814	0.07620952915	1	0.7879194631
841	0.8805409467	0.07605782409	1	0.7865771812
842	0.8801202555	0.07598249364	1	0.7859060403
843	0.8809613218	0.07580924392	1	0.7872483221
844	0.8822205551	0.07566217735	1	0.789261745
845	0.88263967	0.07555945862	1	0.7899328859
846	0.88263967	0.07544235702	1	0.7899328859
847	0.8830584708	0.07532271217	1	0.7906040268
848	0.8847305389	0.07524422484	1	0.7932885906
849	0.8847305389	0.07514577015	1	0.7932885906
850	0.885147774	0.07510858071	1	0.7939597315
851	0.8855646971	0.07506571463	1	0.7946308725
852	0.8868135973	0.07489039001	1	0.7966442953
853	0.8863976084	0.0747381849	1	0.7959731544
854	0.8872292756	0.07467148743	1	0.7973154362
855	0.8876446435	0.07461867455	1	0.7979865772
856	0.8876446435	0.07458961804	1	0.7979865772
857	0.8880597015	0.07445183703	1	0.7986577181
858	0.889303019	0.07430829417	1	0.8006711409
859	0.8897168405	0.07404152292	1	0.8013422819
860	0.890956457	0.07392484901	1	0.8033557047
861	0.890956457	0.07378697911	1	0.8033557047
862	0.8901303538	0.07369585281	1	0.8020134228
863	0.8905435592	0.0736690929	1	0.8026845638
864	0.8921933086	0.07357950906	1	0.8053691275
865	0.8917813313	0.07353174458	1	0.8046979866
866	0.8921933086	0.07347449962	1	0.8053691275
867	0.8921933086	0.07342994734	1	0.8053691275
868	0.8921933086	0.07332448333	1	0.8053691275
869	0.8926049796	0.07320900085	1	0.8060402685
870	0.8930163447	0.07303134132	1	0.8067114094
871	0.8921933086	0.07297680861	1	0.8053691275
872	0.8926049796	0.07290718398	1	0.8060402685
873	0.8934274044	0.0727439122	1	0.8073825503
874	0.8930163447	0.07265237815	1	0.8067114094
875	0.8934274044	0.07244162307	1	0.8073825503
876	0.8934274044	0.0723621567	1	0.8073825503
877	0.8930163447	0.07227621464	1	0.8067114094
878	0.8942486085	0.0722054386	1	0.8087248322
879	0.8946587537	0.07213496773	1	0.8093959732
880	0.8942486085	0.07204595875	1	0.8087248322
881	0.8946587537	0.07192731053	1	0.8093959732
882	0.8962962963	0.07179196079	1	0.8120805369
883	0.8967049241	0.07177565454	1	0.8127516779
884	0.8975212727	0.07170817476	1	0.8140939597
885	0.8975212727	0.07164269	1	0.8140939597
886	0.8979289941	0.07147101418	1	0.8147651007
887	0.8991503509	0.07130849415	1	0.8167785235
888	0.8991503509	0.07126332193	1	0.8167785235
889	0.9007746219	0.07117502765	1	0.8194630872
890	0.9007746219	0.07103951605	1	0.8194630872
891	0.901179941	0.07091669421	1	0.8201342282
892	0.901179941	0.07077373056	1	0.8201342282
893	0.9015849613	0.07069914761	1	0.8208053691
894	0.9019896831	0.07059648188	1	0.8214765101
895	0.9032020611	0.07053140899	1	0.8234899329
896	0.9036055923	0.07041603157	1	0.8241610738
897	0.9036055923	0.07036960003	1	0.8241610738
898	0.9040088268	0.07030582827	1	0.8248322148
899	0.9048144065	0.07022405823	1	0.8261744966
900	0.9048144065	0.07014839586	1	0.8261744966
901	0.9048144065	0.07008820029	1	0.8261744966
902	0.9056188028	0.06997755156	1	0.8275167785
903	0.906020558	0.06993155757	1	0.8281879195
904	0.9064220183	0.06985355009	1	0.8288590604
905	0.906020558	0.06982117163	1	0.8281879195
906	0.9064220183	0.06977779174	1	0.8288590604
907	0.9068231842	0.06964932206	1	0.8295302013
908	0.9072240557	0.06957813497	1	0.8302013423
909	0.9072240557	0.06944553902	1	0.8302013423
910	0.9072240557	0.06933397732	1	0.8302013423
911	0.9080249176	0.06930488335	1	0.8315436242
912	0.9076246334	0.06920981936	1	0.8308724832
913	0.9092240117	0.06911982673	1	0.833557047
914	0.9104204753	0.06901318964	1	0.8355704698
915	0.9108187135	0.06892291435	1	0.8362416107
916	0.9100219459	0.06872606025	1	0.8348993289
917	0.9112166606	0.06865636482	1	0.8369127517
918	0.911614317	0.06853664679	1	0.8375838926
919	0.911614317	0.06848592413	1	0.8375838926
920	0.911614317	0.0683976949	1	0.8375838926
921	0.9120116831	0.0683141688	1	0.8382550336
922	0.9124087591	0.06821845044	1	0.8389261745
923	0.9135982501	0.06808316334	1	0.8409395973
924	0.9139941691	0.06802131595	1	0.8416107383
925	0.9143897996	0.06796478301	1	0.8422818792
926	0.9143897996	0.06781897552	1	0.8422818792
927	0.9151801966	0.06769858219	1	0.8436241611
928	0.914785142	0.06760962817	1	0.8429530201
929	0.914785142	0.06756389994	1	0.8429530201
930	0.9155749636	0.06749798588	1	0.844295302
931	0.9155749636	0.0674475503	1	0.844295302
932	0.9151801966	0.06734840769	1	0.8436241611
933	0.9155749636	0.06730611004	1	0.844295302
934	0.9155749636	0.06721990144	1	0.844295302
935	0.9155749636	0.0671397493	1	0.844295302
936	0.9151801966	0.06710734707	1	0.8436241611
937	0.9155749636	0.06700866207	1	0.844295302
938	0.9187227866	0.06683698077	1	0.8496644295
939	0.9187227866	0.06680488268	1	0.8496644295
940	0.9191149801	0.06672806908	1	0.8503355705
941	0.9202898551	0.06668395438	1	0.8523489933
942	0.9210716872	0.06660970681	1	0.8536912752
943	0.9222423146	0.06648114255	1	0.855704698
944	0.9218523878	0.06633137662	1	0.855033557
945	0.9218523878	0.06616285086	1	0.855033557
946	0.9230213227	0.06604758454	1	0.8570469799
947	0.9237992055	0.06589307863	1	0.8583892617
948	0.9253516048	0.0658562353	1	0.8610738255
949	0.9253516048	0.06571998881	1	0.8610738255
950	0.9245759654	0.06559817524	1	0.8597315436
951	0.924963925	0.06554719328	1	0.8604026846
952	0.924963925	0.06549770575	1	0.8604026846
953	0.9253516048	0.06544305714	1	0.8610738255
954	0.925739005	0.06536450423	1	0.8617449664
955	0.9253516048	0.06531384524	1	0.8610738255
956	0.9253516048	0.06527071419	1	0.8610738255
957	0.9253516048	0.06521613979	1	0.8610738255
958	0.924963925	0.0651236016	1	0.8604026846
959	0.925739005	0.06504909398	1	0.8617449664
960	0.9261261261	0.06496605605	1	0.8624161074
961	0.9268995319	0.06491078283	1	0.8637583893
962	0.9261261261	0.06477547558	1	0.8624161074
963	0.9261261261	0.06469895719	1	0.8624161074
964	0.9265129683	0.06464458236	1	0.8630872483
965	0.9261261261	0.06455042084	1	0.8624161074
966	0.9261261261	0.06443891631	1	0.8624161074
967	0.9265129683	0.06438179491	1	0.8630872483
968	0.9265129683	0.06425775258	1	0.8630872483
969	0.9272858171	0.06417086011	1	0.8644295302
970	0.9272858171	0.06407522486	1	0.8644295302
971	0.9268995319	0.06394936169	1	0.8637583893
972	0.9268995319	0.06387866753	1	0.8637583893
973	0.9265129683	0.06380369606	1	0.8630872483
974	0.9268995319	0.06370068248	1	0.8637583893
975	0.9268995319	0.06360035904	1	0.8637583893
976	0.9268995319	0.06352239925	1	0.8637583893
977	0.9284430061	0.06336628447	1	0.866442953
978	0.9288281812	0.06329573151	1	0.867114094
979	0.9292130794	0.06319263157	1	0.8677852349
980	0.9288281812	0.06317618734	1	0.867114094
981	0.9295977011	0.06308173529	1	0.8684563758
982	0.9295977011	0.06300642015	1	0.8684563758
983	0.9295977011	0.06298637155	1	0.8684563758
984	0.9303661163	0.06289312805	1	0.8697986577
985	0.9303661163	0.06284636848	1	0.8697986577
986	0.9303661163	0.06276875315	1	0.8697986577
987	0.9295977011	0.06259295336	1	0.8684563758
988	0.9295977011	0.06251938765	1	0.8684563758
989	0.9307499103	0.06237507325	1	0.8704697987
990	0.931133429	0.06230889182	1	0.8711409396
991	0.9315166726	0.06219699819	1	0.8718120805
992	0.9315166726	0.06215602583	1	0.8718120805
993	0.9299820467	0.06209636785	1	0.8691275168
994	0.931133429	0.06200899163	1	0.8711409396
995	0.9315166726	0.06195301369	1	0.8718120805
996	0.9307499103	0.06190734286	1	0.8704697987
997	0.931133429	0.06179410942	1	0.8711409396
998	0.9315166726	0.06172171804	1	0.8718120805
999	0.9322823361	0.06169734086	1	0.8731543624
